running tests ...
[0m[38;2;0;255;0;1m[  0%]:[0m [2mrunning.test LRUCache_test/default[0m
[0m[38;2;0;255;0;1m[  0%]:[0m [2mrunning.test access/default[0m
[0m[38;2;0;255;0;1m[  0%]:[0m [2mrunning.test chmod/default[0m
[0m[38;2;0;255;0;1m[  0%]:[0m [2mrunning.test chown/default[0m
[0m[38;2;0;255;0;1m[  0%]:[0m [2mrunning.test dir_tree/default[0m
[2026-08-18 16:18:59]|Info|rpc/rpc-server.cpp:4185 rpc_conn_srv_chmod|139989002217152| chmod /tmp/tmp1/cv_debug:511 success.
[0m[38;2;0;255;0;1m[  0%]:[0m [2mrunning.test dir_utils_dir_copy_test/default[0m
[0m[38;2;0;255;0;1m[  0%]:[0m [2mrunning.test download_file/default[0m
[0m[38;2;0;255;0;1m[  0%]:[0m [2mrunning.test download_file_dir/default[0m
[2026-08-18 16:18:59]|Info|rpc/rpc-server.cpp:4233 rpc_conn_srv_chown|139746235901632| chmod /tmp/tmp1/cv_debug:1000 success.
/tmp/rpc_dir_tree_test/file1.txt
/tmp/rpc_dir_tree_test/sub1/file2.txt
[0m[38;2;0;255;0;1m[  0%]:[0m [2mrunning.test download_fileat/default[0m
[0m[38;2;0;255;0;1m[  0%]:[0m [2mrunning.test download_fileats/default[0m
[0m[38;2;0;255;0;1m[  0%]:[0m [2mrunning.test download_link/default[0m
[2026-08-18 16:18:59]|Info|rpc/rpc-server.cpp:994 rpc_scp_download|139675012429504| begin download file [/tmp/test_scp_download_file_src]
[2026-08-18 16:18:59]|Info|rpc/rpc-server.cpp:1178 rpc_scp_download|139675012429504| download file [/tmp/test_scp_download_file_src] complete success, send_bytes: 30, f_size: 30
[2026-08-18 16:18:59]|Info|rpc/rpc-command.cpp:236 do_scp_download|139675004036800| scp download [/tmp/test_scp_download_file_dst from /tmp/test_scp_download_file_src], status completed success, elapse 1 s, f_size 30 bytes, recv 30 bytes, 0.00 M/s
[0m[38;2;0;255;0;1m[  0%]:[0m [2mrunning.test execute_command/default[0m
[2026-08-18 16:18:59]|Info|rpc/rpc-server.cpp:3705 rpc_conn_srv_download_fileats|140462071473856| openat test1.txt success.
[2026-08-18 16:18:59]|Info|rpc/rpc-server.cpp:3734 rpc_conn_srv_download_fileats|140462071473856| read test1.txt success.
[2026-08-18 16:18:59]|Info|rpc/rpc-server.cpp:3705 rpc_conn_srv_download_fileats|140462071473856| openat test2.txt success.
[2026-08-18 16:18:59]|Info|rpc/rpc-server.cpp:3734 rpc_conn_srv_download_fileats|140462071473856| read test2.txt success.
[2026-08-18 16:18:59]|Info|rpc/rpc.cpp:2815 rpc_conn_cli_download_fileats|140462079866560| download_fileat /tmp/download_fileats_WanYdG/src/:test1.txt success.
[2026-08-18 16:18:59]|Info|rpc/rpc.cpp:2815 rpc_conn_cli_download_fileats|140462079866560| download_fileat /tmp/download_fileats_WanYdG/src/:test2.txt success.
[0m[38;2;0;255;0;1m[  0%]:[0m [2mrunning.test fchmodats/default[0m
test [download_file_exists] PASSED
[2026-08-18 16:18:59]|Info|rpc/rpc-server.cpp:994 rpc_scp_download|139675004036800| begin download file [/nonexistent/remote]
[2026-08-18 16:18:59]|Warning|rpc/rpc-server.cpp:1013 rpc_scp_download|139675004036800| local_file: [/nonexistent/remote] not existed, errno:2)
[2026-08-18 16:18:59]|Warning|rpc/rpc-server.cpp:1029 rpc_scp_download|139675004036800| local_file: [/nonexistent/remote] not existed.
[2026-08-18 16:18:59]|Info|rpc/rpc-server.cpp:1178 rpc_scp_download|139675004036800| download file [/nonexistent/remote] complete success, send_bytes: 0, f_size: 0
[2026-08-18 16:18:59]|Info|rpc/rpc-command.cpp:236 do_scp_download|139675012429504| scp download [/tmp/test_scp_download_file_dst2 from /nonexistent/remote], status completed success, elapse 1 s, f_size 0 bytes, recv 0 bytes, 0.00 M/s
[0m[38;2;0;255;0;1m[  0%]:[0m [2mrunning.test fchownats/default[0m
test [download_not_exist_api_stat_0] PASSED
[2026-08-18 16:18:59]|Info|rpc/rpc-server.cpp:994 rpc_scp_download|139675012429504| begin download file [/nonexistent/remote]
[2026-08-18 16:18:59]|Warning|rpc/rpc-server.cpp:1013 rpc_scp_download|139675012429504| local_file: [/nonexistent/remote] not existed, errno:2)
[2026-08-18 16:18:59]|Error|rpc/rpc-server.cpp:1034 rpc_scp_download|139675012429504| local_file: [/nonexistent/remote] not existed.
[2026-08-18 16:18:59]|Error|rpc/rpc-command.cpp:139 do_scp_download|139675004036800| download /nonexistent/remote failure
[0m[38;2;0;255;0;1m[  0%]:[0m [2mrunning.test fs_meta_comprehensive_test/default[0m
test [download_not_exist_api_stat_1] PASSED
[2026-08-18 16:18:59]|Info|rpc/rpc-command.cpp:461 do_scp_download_link|139781535164096| scp download link [/tmp/test_scp_download_link_src -> /tmp/test_scp_download_link_out] success
[2026-08-18 16:18:59]|Info|rpc/rpc-server.cpp:3614 rpc_conn_srv_fchmodats|139734055642816| fchownat test_chmod.txt:508 success.
[2026-08-18 16:18:59]|Info|rpc/rpc-server.cpp:3614 rpc_conn_srv_fchmodats|139734055642816| fchownat test_chmod2.txt:493 success.
[2026-08-18 16:18:59]|Info|rpc/rpc-server.cpp:709 execute_cmd|139786924844736| execute:[cmd_len:35, command:echo 'execute_shell_script_test_ok']
[2026-08-18 16:18:59]|Info|rpc/rpc-server.cpp:867 my_popen|139786924844736| cmd echo 'execute_shell_script_test_ok' pipe[0]:9, pipe[1]:10
[0m[38;2;0;255;0;1m[  0%]:[0m [2mrunning.test lmdb_dict_test/default[0m
[2026-08-18 16:18:59]|Info|rpc/rpc-server.cpp:723 execute_cmd|139786924844736| generate subprocess: 755516
[2026-08-18 16:18:59]|Info|rpc/rpc-server.cpp:3526 rpc_conn_srv_fchownats|140367263426240| fchownat test_chown.txt:1000:1000 success.
[2026-08-18 16:18:59]|Info|rpc/rpc-server.cpp:3526 rpc_conn_srv_fchownats|140367263426240| fchownat test_chown2.txt:1000:1000 success.
[0m[38;2;0;255;0;1m[  0%]:[0m [2mrunning.test lmdb_sort_test/default[0m
[0m[38;2;0;255;0;1m[  0%]:[0m [2mrunning.test logger_test/default[0m
[2026-08-18 16:18:59]|Warning|rpc/rpc-server.cpp:784 execute_cmd|139786924844736| execute_shell_script_test_ok

execute_shell_script_test_ok
[2026-08-18 16:18:59]|Info|rpc/rpc-server.cpp:805 execute_cmd|139786924844736| [echo 'execute_shell_script_test_ok'] completed, return value:0
execute_shell_script test PASSED
========================================
       FsMeta Test Suite
========================================

=== TEST: TYPE_UPDATE - Fragmented ===
[2026-08-18 16:18:59]|Info|fs-backup/public/fs_meta.cpp:118 DeleteFsMeta|107369472| delete /tmp/fs_meta_test_06
[0m[38;2;0;255;0;1m[  2%]:[0m [2mrunning.test lstat/default[0m
[0m[38;2;0;255;0;1m[  5%]:[0m [2mrunning.test metadata/default[0m
Running logger tests...
Tests passed: 11, failed: 0
[0m[38;2;0;255;0;1m[  8%]:[0m [2mrunning.test mkdir/default[0m
开始测试目录复制功能...
测试目录: /tmp/aio/rpc/rpc_test
目标目录: /tmp/aio/rpc/copy_test
返回值: 0
PASS

=== TEST: TYPE_UPDATE - 1M File Overwrite at 500K ===
[2026-08-18 16:18:59]|Info|fs-backup/public/fs_meta.cpp:118 DeleteFsMeta|107369472| delete /tmp/fs_meta_test_27
/proc/self/exe: size=0, mode=120777, atime=1787041139, mtime=1787041139, ctime=140146210116673
[0m[38;2;0;255;0;1m[ 11%]:[0m [2mrunning.test mkdir_path_test/default[0m
[0m[38;2;0;255;0;1m[ 13%]:[0m [2mrunning.test mkdirall/default[0m
[2026-08-18 16:18:59]|Info|rpc/rpc-server.cpp:3451 rpc_conn_srv_mkdir|140579748964032| mkdir /tmp/tmp1/cv_debug:511 success.
[0m[38;2;0;255;0;1m[ 16%]:[0m [2mrunning.test pread/default[0m
=== 手动事务示例 ===
批量写入完成，共100条记录
批量读取完成，找到 100/100 条记录

=== 游标遍历示例 ===
正向遍历:
  Key: cursor_key_0, Value: cursor_value_0
  Key: cursor_key_1, Value: cursor_value_1
  Key: cursor_key_2, Value: cursor_value_2
  Key: cursor_key_3, Value: cursor_value_3
  Key: cursor_key_4, Value: cursor_value_4
[0m[38;2;0;255;0;1m[ 19%]:[0m [2mrunning.test pwrite/default[0m
PASS

=== TEST: TYPE_NEW - Small File (Full Download) ===
[2026-08-18 16:18:59]|Info|fs-backup/public/fs_meta.cpp:118 DeleteFsMeta|107369472| delete /tmp/fs_meta_test_01
[0m[38;2;0;255;0;1m[ 22%]:[0m [2mrunning.test rdb_config_test/default[0m
[2026-08-18 16:18:59]|Info|rpc/rpc-server.cpp:4139 rpc_conn_srv_mkdirall|140350660273856| mkdirall /tmp/tmp1/cv_debug:0 success.
[0m[38;2;0;255;0;1m[ 25%]:[0m [2mrunning.test rdbcomm_tool_integration/default[0m
do_remote_pread success
[0m[38;2;0;255;0;1m[ 27%]:[0m [2mrunning.test readdir/default[0m
do_remote_pwrite success
=== rdb-config test ===

Running parse_and_get_int... PASSED
Running config_get_int_default... PASSED
Running config_get_string... PASSED
Running config_get_string_null_for_missing... PASSED
Running config_get_string_global_fallback... PASSED
Running config_set_string... PASSED
Running config_section_count_and_entry... PASSED
Running parse_nonexistent_file... PASSED
Running init_config_from_env... PASSED
Running parse_config_twice... PASSED
Running config_get_int_trailing_spaces... PASSED

=== 11 passed, 0 failed ===
PASS

=== TEST: TYPE_NEW - Write Zero ===
[2026-08-18 16:18:59]|Info|fs-backup/public/fs_meta.cpp:118 DeleteFsMeta|107369472| delete /tmp/fs_meta_test_02
[0m[38;2;0;255;0;1m[ 30%]:[0m [2mrunning.test readdir_tree/default[0m
[0m[38;2;0;255;0;1m[ 33%]:[0m [2mrunning.test readlink/default[0m
[0m[38;2;0;255;0;1m[ 36%]:[0m [2mrunning.test rpc_handshake_test/default[0m
PASS

=== TEST: TYPE_UPDATE - Basic ===
[2026-08-18 16:18:59]|Info|fs-backup/public/fs_meta.cpp:118 DeleteFsMeta|107369472| delete /tmp/fs_meta_test_03
[0m[38;2;0;255;0;1m[ 38%]:[0m [2mrunning.test rpc_time_integration/default[0m
[0m[38;2;0;255;0;1m[ 41%]:[0m [2mrunning.test rpc_tool_integration/default[0m
pread_test_dst.bin: size=29, mode=100644, atime=1787041139, mtime=1787041139, ctime=140734784861047
rpc_metadata_test_9n2bwe: size=80, mode=40700, atime=1787041139, mtime=1787041139, ctime=140734784861047
fchownats_test_N79MGn: size=80, mode=40700, atime=1787041139, mtime=1787041139, ctime=140734784861047
fchmodats_test_qhE2jc: size=80, mode=40700, atime=1787041139, mtime=1787041139, ctime=140734784861047
download_fileats_WanYdG: size=80, mode=40700, atime=1787041139, mtime=1787041139, ctime=140734784861047
upload_fileats_Cxy6sa: size=80, mode=40700, atime=1787041054, mtime=1787041054, ctime=140734784861047
t0312-rdbcomm: size=180, mode=40755, atime=1787041054, mtime=1787041054, ctime=140734784861047
rpc_metadata_test_HukTX1: size=80, mode=40700, atime=1787041054, mtime=1787041054, ctime=140734784861047
fchownats_test_7RiEb5: size=80, mode=40700, atime=1787041054, mtime=1787041054, ctime=140734784861047
fchmodats_test_aqByxF: size=80, mode=40700, atime=1787041054, mtime=1787041054, ctime=140734784861047
download_fileats_34cnQM: size=80, mode=40700, atime=1787041054, mtime=1787041054, ctime=140734784861047
upload_fileats_enK1JM: size=80, mode=40700, atime=1787041007, mtime=1787041007, ctime=140734784861047
rpc_metadata_test_TaXKSa: size=80, mode=40700, atime=1787041007, mtime=1787041007, ctime=140734784861047
fchownats_test_t0PypO: size=80, mode=40700, atime=1787041007, mtime=1787041007, ctime=140734784861047
fchmodats_test_h82NUL: size=80, mode=40700, atime=1787041007, mtime=1787041007, ctime=140734784861047
download_fileats_nhsXaM: size=80, mode=40700, atime=1787041007, mtime=1787041007, ctime=140734784861047
preamble-7b9620.pch: size=4311716, mode=100644, atime=1787040925, mtime=1787040925, ctime=140734784861047
upload_fileats_7VXNGl: size=80, mode=40700, atime=1787040909, mtime=1787040909, ctime=140734784861047
rpc_metadata_test_lZocYr: size=80, mode=40700, atime=1787040909, mtime=1787040909, ctime=140734784861047
fchownats_test_kXodab: size=80, mode=40700, atime=1787040909, mtime=1787040909, ctime=140734784861047
fchmodats_test_fcp3LG: size=80, mode=40700, atime=1787040909, mtime=1787040909, ctime=140734784861047
download_fileats_PNVmWo: size=80, mode=40700, atime=1787040909, mtime=1787040909, ctime=140734784861047
preamble-be0d0e.pch: size=8260528, mode=100644, atime=1787040902, mtime=1787040902, ctime=140734784861047
ccDCB79F.res: size=0, mode=100600, atime=1787040862, mtime=1787040862, ctime=140734784861047
ccmI3isv.res: size=0, mode=100600, atime=1787040862, mtime=1787040862, ctime=140734784861047
ccOrBdhD.res: size=0, mode=100600, atime=1787040862, mtime=1787040862, ctime=140734784861047
ccoOGAHu.res: size=0, mode=100600, atime=1787040861, mtime=1787040861, ctime=140734784861047
ccyf61GE.res: size=0, mode=100600, atime=1787040861, mtime=1787040861, ctime=140734784861047
cckVUNwt.res: size=0, mode=100600, atime=1787040861, mtime=1787040861, ctime=140734784861047
ccXIhLIm.res: size=0, mode=100600, atime=1787040861, mtime=1787040861, ctime=140734784861047
ccIxkKmW.res: size=0, mode=100600, atime=1787040861, mtime=1787040861, ctime=140734784861047
ccDlk6Wv.res: size=0, mode=100600, atime=1787040860, mtime=1787040860, ctime=140734784861047
ccB0EOlB.s: size=430543, mode=100600, atime=1787040860, mtime=1787040862, ctime=140734784861047
t0317-full.log: size=9040, mode=100644, atime=1787041056, mtime=1787041139, ctime=140734784861047
t0317-build.log: size=3818, mode=100644, atime=1787040900, mtime=1787041132, ctime=140734784861047
t0317-flow-plan.txt: size=4593, mode=100644, atime=1787040254, mtime=1787040254, ctime=140734784861047
preamble-ef3a22.pch: size=633608, mode=100644, atime=1787040931, mtime=1787039803, ctime=140734784861047
preamble-47a05e.pch: size=3760416, mode=100644, atime=1787039767, mtime=1787039767, ctime=140734784861047
preamble-56d6a9.pch: size=4643976, mode=100644, atime=1787039721, mtime=1787039551, ctime=140734784861047
t0316-implementation.txt: size=6126, mode=100644, atime=1787039543, mtime=1787039542, ctime=140734784861047
t0316-helper-scan.log: size=109, mode=100644, atime=1787039542, mtime=1787039531, ctime=140734784861047
upload_fileats_kMvKPA: size=80, mode=40700, atime=1787039521, mtime=1787039521, ctime=140734784861047
rpc_metadata_test_FObJBE: size=80, mode=40700, atime=1787039521, mtime=1787039521, ctime=140734784861047
fchownats_test_dltshI: size=80, mode=40700, atime=1787039521, mtime=1787039521, ctime=140734784861047
fchmodats_test_ehels2: size=80, mode=40700, atime=1787039521, mtime=1787039521, ctime=140734784861047
download_fileats_gaxzNu: size=80, mode=40700, atime=1787039521, mtime=1787039521, ctime=140734784861047
t0316-full.log: size=116579, mode=100644, atime=1787039542, mtime=1787039524, ctime=140734784861047
t0316-build.log: size=4607, mode=100644, atime=1787039542, mtime=1787039512, ctime=140734784861047
preamble-b220eb.pch: size=8184848, mode=100644, atime=1787039362, mtime=1787039362, ctime=140734784861047
preamble-bd018b.pch: size=5222880, mode=100644, atime=1787039358, mtime=1787039358, ctime=140734784861047
preamble-938710.pch: size=572652, mode=100644, atime=1787039354, mtime=1787039354, ctime=140734784861047
preamble-52d093.pch: size=240652, mode=100644, atime=1787039232, mtime=1787039232, ctime=140734784861047
preamble-55619e.pch: size=4311524, mode=100644, atime=1787039230, mtime=1787039230, ctime=140734784861047
t0315-implementation.txt: size=3905, mode=100644, atime=1787039226, mtime=1787039225, ctime=140734784861047
t0315-ref-scan.log: size=19, mode=100644, atime=1787039225, mtime=1787039213, ctime=140734784861047
preamble-c19d1c.pch: size=4579076, mode=100644, atime=1787039201, mtime=1787039201, ctime=140734784861047
upload_fileats_IChB3o: size=80, mode=40700, atime=1787039198, mtime=1787039198, ctime=140734784861047
rpc_metadata_test_zIsBxb: size=80, mode=40700, atime=1787039198, mtime=1787039198, ctime=140734784861047
fchownats_test_bmAOxB: size=80, mode=40700, atime=1787039198, mtime=1787039198, ctime=140734784861047
fchmodats_test_2mTjpw: size=80, mode=40700, atime=1787039198, mtime=1787039198, ctime=140734784861047
download_fileats_8cDVlr: size=80, mode=40700, atime=1787039198, mtime=1787039198, ctime=140734784861047
t0315-full.log: size=119505, mode=100644, atime=1787039226, mtime=1787039201, ctime=140734784861047
t0315-build.log: size=4376, mode=100644, atime=1787039225, mtime=1787039189, ctime=140734784861047
preamble-97affd.pch: size=8166728, mode=100644, atime=1787039150, mtime=1787039150, ctime=140734784861047
preamble-3ab4cf.pch: size=4173344, mode=100644, atime=1787038899, mtime=1787038899, ctime=140734784861047
preamble-a03c0a.pch: size=307872, mode=100644, atime=1787039313, mtime=1787038898, ctime=140734784861047
preamble-b68e75.pch: size=245156, mode=100644, atime=1787038896, mtime=1787038896, ctime=140734784861047
preamble-46a957.pch: size=240624, mode=100644, atime=1787039310, mtime=1787038881, ctime=140734784861047
preamble-326a45.pch: size=628292, mode=100644, atime=1787038878, mtime=1787038878, ctime=140734784861047
preamble-cd5d22.pch: size=4560404, mode=100644, atime=1787039932, mtime=1787038875, ctime=140734784861047
upload_fileats_CQqcht: size=80, mode=40700, atime=1787038763, mtime=1787038763, ctime=140734784861047
rpc_metadata_test_vlJ3Zn: size=80, mode=40700, atime=1787038763, mtime=1787038763, ctime=140734784861047
fchownats_test_np1zIl: size=80, mode=40700, atime=1787038763, mtime=1787038763, ctime=140734784861047
fchmodats_test_vMxltz: size=80, mode=40700, atime=1787038763, mtime=1787038763, ctime=140734784861047
download_fileats_2w1H0b: size=80, mode=40700, atime=1787038763, mtime=1787038763, ctime=140734784861047
t0314-implementation.txt: size=6007, mode=100644, atime=1787038653, mtime=1787038653, ctime=140734784861047
t0314-enc-scan.log: size=0, mode=100644, atime=1787038643, mtime=1787038606, ctime=140734784861047
upload_fileats_UKrZRD: size=80, mode=40700, atime=1787038597, mtime=1787038597, ctime=140734784861047
rpc_metadata_test_O2phwP: size=80, mode=40700, atime=1787038597, mtime=1787038597, ctime=140734784861047
fchownats_test_cjZ7SY: size=80, mode=40700, atime=1787038597, mtime=1787038597, ctime=140734784861047
fchmodats_test_U0MGvP: size=80, mode=40700, atime=1787038597, mtime=1787038597, ctime=140734784861047
download_fileats_Kc33Od: size=80, mode=40700, atime=1787038597, mtime=1787038597, ctime=140734784861047
t0314-full.log: size=117214, mode=100644, atime=1787038642, mtime=1787038600, ctime=140734784861047
t0313-implementation.diff: size=8636, mode=100644, atime=1787038206, mtime=1787038205, ctime=140734784861047
upload_fileats_HsbZU6: size=80, mode=40700, atime=1787038204, mtime=1787038204, ctime=140734784861047
rpc_metadata_test_Sa3IM3: size=80, mode=40700, atime=1787038203, mtime=1787038203, ctime=140734784861047
fchownats_test_RgvgW0: size=80, mode=40700, atime=1787038203, mtime=1787038203, ctime=140734784861047
fchmodats_test_ha17RW: size=80, mode=40700, atime=1787038203, mtime=1787038203, ctime=140734784861047
download_fileats_KQGL1Z: size=80, mode=40700, atime=1787038203, mtime=1787038203, ctime=140734784861047
upload_fileats_bZir1x: size=80, mode=40700, atime=1787038193, mtime=1787038193, ctime=140734784861047
rpc_metadata_test_n3RYyh: size=80, mode=40700, atime=1787038193, mtime=1787038193, ctime=140734784861047
fchownats_test_OuAQIC: size=80, mode=40700, atime=1787038193, mtime=1787038193, ctime=140734784861047
fchmodats_test_EGMHmp: size=80, mode=40700, atime=1787038193, mtime=1787038193, ctime=140734784861047
download_fileats_wqc8Ao: size=80, mode=40700, atime=1787038193, mtime=1787038193, ctime=140734784861047
upload_fileats_O9mZS1: size=80, mode=40700, atime=1787038148, mtime=1787038148, ctime=140734784861047
rpc_metadata_test_lncmLO: size=80, mode=40700, atime=1787038148, mtime=1787038148, ctime=140734784861047
fchownats_test_Kw5OMl: size=80, mode=40700, atime=1787038148, mtime=1787038148, ctime=140734784861047
fchmodats_test_2e9QUI: size=80, mode=40700, atime=1787038148, mtime=1787038148, ctime=140734784861047
download_fileats_tfMWuI: size=80, mode=40700, atime=1787038148, mtime=1787038148, ctime=140734784861047
t0313-full-final.log: size=116663, mode=100644, atime=1787038206, mtime=1787038195, ctime=140734784861047
t0313-rdb-final.log: size=5286, mode=100644, atime=1787038136, mtime=1787038136, ctime=140734784861047
upload_fileats_Um5HiN: size=80, mode=40700, atime=1787038113, mtime=1787038113, ctime=140734784861047
rpc_metadata_test_vQp0Mu: size=80, mode=40700, atime=1787038113, mtime=1787038113, ctime=140734784861047
fchownats_test_57cGOy: size=80, mode=40700, atime=1787038113, mtime=1787038113, ctime=140734784861047
fchmodats_test_OaQh3z: size=80, mode=40700, atime=1787038113, mtime=1787038113, ctime=140734784861047
download_fileats_Lw0iD8: size=80, mode=40700, atime=1787038113, mtime=1787038113, ctime=140734784861047
t0313-full-test.log: size=113847, mode=100644, atime=1787038116, mtime=1787038116, ctime=140734784861047
t0313-sm2.log: size=6372, mode=100644, atime=1787038065, mtime=1787038065, ctime=140734784861047
t0313-build.log: size=2235, mode=100644, atime=1787038007, mtime=1787038034, ctime=140734784861047
t0313-sm2-red.log: size=4749, mode=100644, atime=1787037846, mtime=1787037842, ctime=140734784861047
upload_fileats_4LTRkx: size=80, mode=40700, atime=1787037946, mtime=1787037116, ctime=140734784861047
rpc_metadata_test_xAkZNi: size=80, mode=40700, atime=1787037946, mtime=1787037116, ctime=140734784861047
fchownats_test_3OZxBn: size=80, mode=40700, atime=1787037946, mtime=1787037116, ctime=140734784861047
fchmodats_test_dmhtU4: size=80, mode=40700, atime=1787037946, mtime=1787037116, ctime=140734784861047
download_fileats_qzKrX7: size=80, mode=40700, atime=1787037946, mtime=1787037116, ctime=140734784861047
upload_fileats_zz4g26: size=80, mode=40700, atime=1787037946, mtime=1787036970, ctime=140734784861047
rpc_metadata_test_0xUyTD: size=80, mode=40700, atime=1787037946, mtime=1787036970, ctime=140734784861047
fchownats_test_tt2fLd: size=80, mode=40700, atime=1787037946, mtime=1787036970, ctime=140734784861047
fchmodats_test_8GUWNO: size=80, mode=40700, atime=1787037946, mtime=1787036970, ctime=140734784861047
download_fileats_Of2xDN: size=80, mode=40700, atime=1787037946, mtime=1787036970, ctime=140734784861047
t0312-evidence: size=100, mode=40755, atime=1787037946, mtime=1787036972, ctime=140734784861047
rdbcomm-tool-test-17615: size=60, mode=40755, atime=1787037946, mtime=1787036886, ctime=140734784861047
rdbcomm-tool-test-17614: size=60, mode=40755, atime=1787037946, mtime=1787036745, ctime=140734784861047
upload_fileats_LxERR2: size=80, mode=40700, atime=1787037946, mtime=1787036637, ctime=140734784861047
rpc_metadata_test_UZjHmz: size=80, mode=40700, atime=1787037946, mtime=1787036637, ctime=140734784861047
fchownats_test_Cesesz: size=80, mode=40700, atime=1787037946, mtime=1787036637, ctime=140734784861047
fchmodats_test_VMvXcY: size=80, mode=40700, atime=1787037946, mtime=1787036637, ctime=140734784861047
download_fileats_5QFjok: size=80, mode=40700, atime=1787037946, mtime=1787036637, ctime=140734784861047
rdbcomm-tool-test-17613: size=60, mode=40755, atime=1787037946, mtime=1787036539, ctime=140734784861047
rdbcomm-tool-test-17612: size=60, mode=40755, atime=1787037946, mtime=1787036496, ctime=140734784861047
t0312-rpc-time: size=80, mode=40755, atime=1787037946, mtime=1787041054, ctime=140734784861047
t0312-rpc: size=100, mode=40755, atime=1787037946, mtime=1787036075, ctime=140734784861047
t0312-rdb: size=80, mode=40755, atime=1787037946, mtime=1787036067, ctime=140734784861047
xmake-full.log: size=5900, mode=100644, atime=1787035680, mtime=1787035680, ctime=140734784861047
cc0SoQUs.s: size=449818, mode=100600, atime=1787035633, mtime=1787035635, ctime=140734784861047
ccZVIdrD.s: size=17, mode=100600, atime=1787035633, mtime=1787035635, ctime=140734784861047
ccn0PL68.s: size=17, mode=100600, atime=1787035632, mtime=1787035634, ctime=140734784861047
ccNm58q3.s: size=449849, mode=100600, atime=1787035632, mtime=1787035634, ctime=140734784861047
cc9pTUPV.s: size=449818, mode=100600, atime=1787035628, mtime=1787035630, ctime=140734784861047
ccxQ4ngA.s: size=17, mode=100600, atime=1787035628, mtime=1787035630, ctime=140734784861047
ccmzJPsm.s: size=449849, mode=100600, atime=1787035626, mtime=1787035629, ctime=140734784861047
cck9gNIs.s: size=17, mode=100600, atime=1787035626, mtime=1787035629, ctime=140734784861047
cc61QaGj.s: size=12031575, mode=100600, atime=1787035554, mtime=1787035560, ctime=140734784861047
ccgeuXHl.s: size=0, mode=100600, atime=1787035514, mtime=1787035514, ctime=140734784861047
ccl4U2IV.s: size=0, mode=100600, atime=1787035514, mtime=1787035514, ctime=140734784861047
ccsg5ERk.s: size=0, mode=100600, atime=1787035514, mtime=1787035514, ctime=140734784861047
cc0Mu10F.s: size=27, mode=100600, atime=1787035513, mtime=1787035515, ctime=140734784861047
ccQaynR5.s: size=0, mode=100600, atime=1787035512, mtime=1787035512, ctime=140734784861047
ccWxdJYs.s: size=0, mode=100600, atime=1787035512, mtime=1787035512, ctime=140734784861047
cc7VjE2U.s: size=0, mode=100600, atime=1787035512, mtime=1787035512, ctime=140734784861047
ccr4Ld0H.s: size=0, mode=100600, atime=1787035512, mtime=1787035512, ctime=140734784861047
cc5oH2Oj.s: size=0, mode=100600, atime=1787035512, mtime=1787035512, ctime=140734784861047
ccA3BJrL.s: size=1596361, mode=100600, atime=1787035492, mtime=1787035495, ctime=140734784861047
cchNbtJI.s: size=12024429, mode=100600, atime=1787035492, mtime=1787035499, ctime=140734784861047
ccUrFHfe.s: size=6430088, mode=100600, atime=1787035492, mtime=1787035496, ctime=140734784861047
cc8uY8ss.s: size=27, mode=100600, atime=1787035491, mtime=1787035492, ctime=140734784861047
ccL4EiQ3.s: size=1596439, mode=100600, atime=1787035490, mtime=1787035494, ctime=140734784861047
ccplbbD9.s: size=27, mode=100600, atime=1787035490, mtime=1787035495, ctime=140734784861047
cchIWrYB.s: size=12029378, mode=100600, atime=1787035490, mtime=1787035498, ctime=140734784861047
cc7NJd0w.s: size=6435114, mode=100600, atime=1787035490, mtime=1787035496, ctime=140734784861047
ccageCQW.s: size=449849, mode=100600, atime=1787035490, mtime=1787035493, ctime=140734784861047
ccgYTjhf.s: size=0, mode=100600, atime=1787035396, mtime=1787035396, ctime=140734784861047
ccMaRWID.s: size=27, mode=100600, atime=1787035396, mtime=1787035400, ctime=140734784861047
ccju30XJ.s: size=449818, mode=100600, atime=1787035396, mtime=1787035399, ctime=140734784861047
ccHRTECg.s: size=6430088, mode=100600, atime=1787035396, mtime=1787035401, ctime=140734784861047
cclpqSAh.s: size=27, mode=100600, atime=1787035395, mtime=1787035397, ctime=140734784861047
ccyGOfEb.s: size=1596439, mode=100600, atime=1787035394, mtime=1787035398, ctime=140734784861047
ccU5Hnuw.s: size=12029378, mode=100600, atime=1787035394, mtime=1787035403, ctime=140734784861047
ccI1vpSy.s: size=27, mode=100600, atime=1787035394, mtime=1787035399, ctime=140734784861047
cch6ruht.s: size=449849, mode=100600, atime=1787035394, mtime=1787035398, ctime=140734784861047
ccnfnMdq.s: size=6435114, mode=100600, atime=1787035394, mtime=1787035400, ctime=140734784861047
rpc-tool-test.out: size=6677, mode=100644, atime=1787035345, mtime=1787035345, ctime=140734784861047
rdbmanual4: size=80, mode=40755, atime=1787037946, mtime=1787035156, ctime=140734784861047
rdbmanual3: size=60, mode=40755, atime=1787037946, mtime=1787035146, ctime=140734784861047
rdbmanual2: size=80, mode=40755, atime=1787037946, mtime=1787035117, ctime=140734784861047
rdbcomm-tool-test-17611: size=60, mode=40755, atime=1787037946, mtime=1787035031, ctime=140734784861047
cc72xfXO.s: size=1596361, mode=100600, atime=1787035019, mtime=1787035023, ctime=140734784861047
cctcxNUy.s: size=6430088, mode=100600, atime=1787035019, mtime=1787035025, ctime=140734784861047
cc206L9g.s: size=449818, mode=100600, atime=1787035019, mtime=1787035023, ctime=140734784861047
ccmcnAnz.res: size=0, mode=100600, atime=1787035019, mtime=1787035019, ctime=140734784861047
ccqLA8zi.s: size=27, mode=100600, atime=1787035019, mtime=1787035020, ctime=140734784861047
ccdVrYMw.s: size=12029378, mode=100600, atime=1787035017, mtime=1787035026, ctime=140734784861047
cc9RBnz2.s: size=27, mode=100600, atime=1787035017, mtime=1787035023, ctime=140734784861047
ccsDomqC.s: size=1596439, mode=100600, atime=1787035017, mtime=1787035022, ctime=140734784861047
ccHLlr4g.s: size=6435114, mode=100600, atime=1787035017, mtime=1787035023, ctime=140734784861047
ccUidUIJ.s: size=449849, mode=100600, atime=1787035017, mtime=1787035021, ctime=140734784861047
rdbtest: size=60, mode=40755, atime=1787037946, mtime=1787035013, ctime=140734784861047
rdbcomm-tool-test-17610: size=60, mode=40755, atime=1787037946, mtime=1787035000, ctime=140734784861047
ccikpev3.cdtor.o: size=0, mode=100600, atime=1787034825, mtime=1787034825, ctime=140734784861047
cck7qMUW.cdtor.c: size=0, mode=100600, atime=1787034825, mtime=1787034825, ctime=140734784861047
ccNs5xTM.s: size=0, mode=100600, atime=1787034825, mtime=1787034825, ctime=140734784861047
ccVTpV2b.res: size=0, mode=100600, atime=1787034825, mtime=1787034825, ctime=140734784861047
cce1P346.cdtor.o: size=0, mode=100600, atime=1787034825, mtime=1787034825, ctime=140734784861047
ccUGt5Pu.cdtor.c: size=0, mode=100600, atime=1787034825, mtime=1787034825, ctime=140734784861047
ccZsx6Co.res: size=0, mode=100600, atime=1787034825, mtime=1787034825, ctime=140734784861047
ccgQjfUC.s: size=0, mode=100600, atime=1787034657, mtime=1787034657, ctime=140734784861047
ccTYNTmr.s: size=688128, mode=100600, atime=1787034655, mtime=1787034657, ctime=140734784861047
ccJoS2Gf.s: size=1363968, mode=100600, atime=1787034653, mtime=1787034657, ctime=140734784861047
ccmSKcp1.s: size=1581056, mode=100600, atime=1787034653, mtime=1787034657, ctime=140734784861047
ccro3mSp.s: size=3448406, mode=100600, atime=1787034657, mtime=1787034656, ctime=140734784861047
cc7Py2oB.s: size=4648288, mode=100600, atime=1787034657, mtime=1787034656, ctime=140734784861047
ccfnyog7.s: size=0, mode=100600, atime=1787034497, mtime=1787034497, ctime=140734784861047
cc3ZxZml.s: size=0, mode=100600, atime=1787034497, mtime=1787034497, ctime=140734784861047
ccLAKhcJ.s: size=0, mode=100600, atime=1787034497, mtime=1787034497, ctime=140734784861047
ccJeJpRS.s: size=0, mode=100600, atime=1787034496, mtime=1787034496, ctime=140734784861047
cca4G8Xr.s: size=0, mode=100600, atime=1787034496, mtime=1787034496, ctime=140734784861047
ccBkZDDX.s: size=24, mode=100600, atime=1787034496, mtime=1787034497, ctime=140734784861047
ccaoqrp3.s: size=385024, mode=100600, atime=1787034496, mtime=1787034497, ctime=140734784861047
ccTO5LsD.s: size=1855424, mode=100600, atime=1787034495, mtime=1787034497, ctime=140734784861047
rpc_daemon.pid: size=6, mode=100640, atime=1787033370, mtime=1787033370, ctime=140734784861047
.bcddd5fffc8ffb7f-00000001.so: size=5576816, mode=100644, atime=1787032947, mtime=1787032947, ctime=140734784861047
.9adfd8fff7eaedff-00000000.so: size=13745312, mode=100644, atime=1787032944, mtime=1787032944, ctime=140734784861047
upload_fileats_8gR1nf: size=80, mode=40700, atime=1787037946, mtime=1787032765, ctime=140734784861047
rpc_metadata_test_tuyn2Y: size=80, mode=40700, atime=1787037946, mtime=1787032765, ctime=140734784861047
fchownats_test_gbSxRB: size=80, mode=40700, atime=1787037946, mtime=1787032765, ctime=140734784861047
fchmodats_test_9EzJpd: size=80, mode=40700, atime=1787037946, mtime=1787032765, ctime=140734784861047
download_fileats_sB8wmD: size=80, mode=40700, atime=1787037946, mtime=1787032765, ctime=140734784861047
ccvqfdQa.s: size=29, mode=100600, atime=1787032665, mtime=1787032665, ctime=140734784861047
upload_fileats_mOHdXm: size=80, mode=40700, atime=1787037946, mtime=1787032604, ctime=140734784861047
rpc_metadata_test_1gQdjE: size=80, mode=40700, atime=1787037946, mtime=1787032604, ctime=140734784861047
fchownats_test_5cOe47: size=80, mode=40700, atime=1787037946, mtime=1787032604, ctime=140734784861047
fchmodats_test_YxYpYq: size=80, mode=40700, atime=1787037946, mtime=1787032604, ctime=140734784861047
download_fileats_nH6MDl: size=80, mode=40700, atime=1787037946, mtime=1787032604, ctime=140734784861047
upload_fileats_PCeNsE: size=80, mode=40700, atime=1787037946, mtime=1787032600, ctime=140734784861047
rpc_metadata_test_xKaHAN: size=80, mode=40700, atime=1787037946, mtime=1787032600, ctime=140734784861047
fchownats_test_EwMO1T: size=80, mode=40700, atime=1787037946, mtime=1787032600, ctime=140734784861047
fchmodats_test_cpqi5j: size=80, mode=40700, atime=1787037946, mtime=1787032600, ctime=140734784861047
download_fileats_fmZkFw: size=80, mode=40700, atime=1787037946, mtime=1787032600, ctime=140734784861047
preamble-7d1b52.pch: size=8184436, mode=100644, atime=1787032533, mtime=1787032533, ctime=140734784861047
preamble-3f6fd9.pch: size=5024504, mode=100644, atime=1787032531, mtime=1787032531, ctime=140734784861047
preamble-79200e.pch: size=5222536, mode=100644, atime=1787032520, mtime=1787032520, ctime=140734784861047
preamble-a77fd5.pch: size=633608, mode=100644, atime=1787032352, mtime=1787032352, ctime=140734784861047
preamble-f398d7.pch: size=4697436, mode=100644, atime=1787032296, mtime=1787032296, ctime=140734784861047
aio-missing-debug.sr2KUK: size=100, mode=40700, atime=1787037946, mtime=1787032059, ctime=140734784861047
aio-missing-run.EHBnXu: size=160, mode=40700, atime=1787037946, mtime=1787032016, ctime=140734784861047
aio-missing-run.ojiFhl: size=160, mode=40700, atime=1787037946, mtime=1787031960, ctime=140734784861047
aio-force-run.gX7YBj: size=160, mode=40700, atime=1787037946, mtime=1787031942, ctime=140734784861047
aio-errors-run.eUikWH: size=160, mode=40700, atime=1787037946, mtime=1787031924, ctime=140734784861047
aio-errors-run.SKHFtj: size=160, mode=40700, atime=1787037946, mtime=1787031907, ctime=140734784861047
preamble-dabf1e.pch: size=4769200, mode=100644, atime=1787031858, mtime=1787031858, ctime=140734784861047
preamble-4b3d87.pch: size=2785924, mode=100644, atime=1787031727, mtime=1787031727, ctime=140734784861047
aio-plain-run.8kNj4W: size=160, mode=40700, atime=1787037946, mtime=1787031721, ctime=140734784861047
preamble-ccff77.pch: size=4702532, mode=100644, atime=1787031718, mtime=1787031718, ctime=140734784861047
preamble-e142da.pch: size=4643980, mode=100644, atime=1787031710, mtime=1787031710, ctime=140734784861047
aio-mtls-run.GiENb3: size=160, mode=40700, atime=1787037946, mtime=1787031701, ctime=140734784861047
preamble-572b5f.pch: size=4703656, mode=100644, atime=1787031666, mtime=1787031666, ctime=140734784861047
aio-rdb-mtls-debug.gTE4aH: size=100, mode=40700, atime=1787037946, mtime=1787031663, ctime=140734784861047
aio-rdb-mtls-debug.KoN2qr: size=100, mode=40700, atime=1787037946, mtime=1787031647, ctime=140734784861047
aio-mtls-run.APbUja: size=160, mode=40700, atime=1787037946, mtime=1787031630, ctime=140734784861047
preamble-5a6edf.pch: size=8258652, mode=100644, atime=1787031616, mtime=1787031616, ctime=140734784861047
aio-mtls-run.1XuRdV: size=160, mode=40700, atime=1787037946, mtime=1787031608, ctime=140734784861047
aio-real-run.jWzo4Q: size=160, mode=40700, atime=1787037946, mtime=1787031585, ctime=140734784861047
aio-real-run.PUZbuC: size=160, mode=40700, atime=1787037946, mtime=1787031567, ctime=140734784861047
aio-real-run.27PCkv: size=160, mode=40700, atime=1787037946, mtime=1787031527, ctime=140734784861047
aio-real-run.kdYHfJ: size=140, mode=40700, atime=1787037946, mtime=1787031491, ctime=140734784861047
aio-real-run.VyJqgm: size=140, mode=40700, atime=1787037946, mtime=1787031469, ctime=140734784861047
aio-mtls-real-current: size=26, mode=100644, atime=1787032059, mtime=1787031435, ctime=140734784861047
aio-mtls-real.92Orrw: size=120, mode=40700, atime=1787037946, mtime=1787031435, ctime=140734784861047
cctKCFOi.s: size=5116902, mode=100600, atime=1787027682, mtime=1787027685, ctime=140734784861047
ccV5PSQ0.s: size=3448406, mode=100600, atime=1787027682, mtime=1787027684, ctime=140734784861047
ccXDcTF4.s: size=4647799, mode=100600, atime=1787027682, mtime=1787027684, ctime=140734784861047
t0302-build.log: size=1247, mode=100644, atime=1787026988, mtime=1787026988, ctime=140734784861047
ccWVGqhN.s: size=547304, mode=100600, atime=1787026815, mtime=1787026816, ctime=140734784861047
ccnUGvtd.s: size=1499351, mode=100600, atime=1787026815, mtime=1787026817, ctime=140734784861047
ccWdO7MQ.s: size=1443743, mode=100600, atime=1787026815, mtime=1787026817, ctime=140734784861047
ccuKQdRD.s: size=1290996, mode=100600, atime=1787026815, mtime=1787026817, ctime=140734784861047
ccUUUJar.s: size=4645835, mode=100600, atime=1787026815, mtime=1787026817, ctime=140734784861047
ccXq62TY.s: size=1851825, mode=100600, atime=1787026815, mtime=1787026817, ctime=140734784861047
cc3CSYn0.s: size=940915, mode=100600, atime=1787026815, mtime=1787026816, ctime=140734784861047
ccqLImPN.s: size=18, mode=100600, atime=1787026815, mtime=1787026816, ctime=140734784861047
ccGdPtTb.s: size=1403837, mode=100600, atime=1787026815, mtime=1787026817, ctime=140734784861047
ccDR1Ufa.s: size=547785, mode=100600, atime=1787026815, mtime=1787026816, ctime=140734784861047
ccxYv426.s: size=1502788, mode=100600, atime=1787026815, mtime=1787026817, ctime=140734784861047
ccV68LZ9.s: size=1291189, mode=100600, atime=1787026815, mtime=1787026816, ctime=140734784861047
cc5vxwh3.s: size=1447645, mode=100600, atime=1787026815, mtime=1787026816, ctime=140734784861047
ccmjjku1.res: size=0, mode=100600, atime=1787026815, mtime=1787026815, ctime=140734784861047
ccTHutIi.s: size=0, mode=100600, atime=1787026807, mtime=1787026807, ctime=140734784861047
cc3DpK7u.s: size=0, mode=100600, atime=1787026807, mtime=1787026807, ctime=140734784861047
ccpyT7ex.s: size=0, mode=100600, atime=1787026807, mtime=1787026807, ctime=140734784861047
cctFOJVH.s: size=0, mode=100600, atime=1787026807, mtime=1787026807, ctime=140734784861047
ccsJX6Gx.s: size=0, mode=100600, atime=1787026807, mtime=1787026807, ctime=140734784861047
ccx9akr9.s: size=0, mode=100600, atime=1787026807, mtime=1787026807, ctime=140734784861047
ccPrhtWP.s: size=0, mode=100600, atime=1787026807, mtime=1787026807, ctime=140734784861047
ccAysYVa.s: size=0, mode=100600, atime=1787026807, mtime=1787026807, ctime=140734784861047
ccoNZZnF.s: size=0, mode=100600, atime=1787026807, mtime=1787026807, ctime=140734784861047
ccxZCcs5.s: size=0, mode=100600, atime=1787026807, mtime=1787026807, ctime=140734784861047
ccL9Y9u3.s: size=0, mode=100600, atime=1787026807, mtime=1787026807, ctime=140734784861047
ccDonktr.s: size=0, mode=100600, atime=1787026807, mtime=1787026807, ctime=140734784861047
cctFZ42Z.s: size=0, mode=100600, atime=1787026807, mtime=1787026807, ctime=140734784861047
ccLZv5NZ.s: size=0, mode=100600, atime=1787026807, mtime=1787026807, ctime=140734784861047
cciAE0tq.s: size=15, mode=100600, atime=1787026807, mtime=1787026807, ctime=140734784861047
ccwXI2It.s: size=0, mode=100600, atime=1787026807, mtime=1787026807, ctime=140734784861047
ccblgw4B.s: size=0, mode=100600, atime=1787026807, mtime=1787026807, ctime=140734784861047
ccjYAsxm.s: size=116774, mode=100600, atime=1787026807, mtime=1787026808, ctime=140734784861047
ccOVImpC.s: size=1443743, mode=100600, atime=1787026386, mtime=1787026387, ctime=140734784861047
cczzKCYn.s: size=17, mode=100600, atime=1787026386, mtime=1787026386, ctime=140734784861047
cc37wJhY.s: size=24, mode=100600, atime=1787026386, mtime=1787026386, ctime=140734784861047
ccRe0LUH.s: size=25, mode=100600, atime=1787026385, mtime=1787026386, ctime=140734784861047
ccILR4fV.s: size=24, mode=100600, atime=1787026385, mtime=1787026386, ctime=140734784861047
ccwiXxwp.s: size=1502788, mode=100600, atime=1787026385, mtime=1787026386, ctime=140734784861047
ccEJF9q0.s: size=1447645, mode=100600, atime=1787026386, mtime=1787026386, ctime=140734784861047
ccLPnbZz.s: size=1499351, mode=100600, atime=1787026374, mtime=1787026376, ctime=140734784861047
ccZIuAmd.s: size=24, mode=100600, atime=1787026374, mtime=1787026376, ctime=140734784861047
cc8TOUKI.s: size=25, mode=100600, atime=1787026374, mtime=1787026376, ctime=140734784861047
cc3hIWoB.s: size=17, mode=100600, atime=1787026374, mtime=1787026376, ctime=140734784861047
ccFyDcWs.s: size=24, mode=100600, atime=1787026374, mtime=1787026376, ctime=140734784861047
ccFb0f2B.s: size=1443743, mode=100600, atime=1787026374, mtime=1787026376, ctime=140734784861047
ccWRQI6R.s: size=24, mode=100600, atime=1787026374, mtime=1787026376, ctime=140734784861047
ccoW7HaB.s: size=17, mode=100600, atime=1787026374, mtime=1787026375, ctime=140734784861047
cci6QSw6.s: size=25, mode=100600, atime=1787026374, mtime=1787026375, ctime=140734784861047
ccJD2Nvd.s: size=24, mode=100600, atime=1787026374, mtime=1787026375, ctime=140734784861047
ccHaSrJ7.s: size=22, mode=100600, atime=1787026374, mtime=1787026375, ctime=140734784861047
ccXvkzGc.s: size=1502788, mode=100600, atime=1787026374, mtime=1787026376, ctime=140734784861047
ccRY8dzg.s: size=1447645, mode=100600, atime=1787026374, mtime=1787026376, ctime=140734784861047
ccvrBlb9.s: size=5113266, mode=100600, atime=1787026324, mtime=1787026329, ctime=140734784861047
ccsyhFQn.s: size=1849861, mode=100600, atime=1787026323, mtime=1787026327, ctime=140734784861047
cc4AQkbx.s: size=940915, mode=100600, atime=1787026323, mtime=1787026325, ctime=140734784861047
ccaooibk.s: size=4645835, mode=100600, atime=1787026323, mtime=1787026328, ctime=140734784861047
ccWTbVWq.s: size=1402295, mode=100600, atime=1787026323, mtime=1787026326, ctime=140734784861047
ccA2yOod.s: size=1291189, mode=100600, atime=1787026323, mtime=1787026325, ctime=140734784861047
cc17jTvh.s: size=1500818, mode=100600, atime=1787026323, mtime=1787026326, ctime=140734784861047
ccnLDnWh.s: size=1445428, mode=100600, atime=1787026323, mtime=1787026325, ctime=140734784861047
ccOg6vak.s: size=872498, mode=100600, atime=1787026324, mtime=1787026324, ctime=140734784861047
ccmWBhHK.s: size=3444794, mode=100600, atime=1787026323, mtime=1787026328, ctime=140734784861047
ccif24Wb.s: size=0, mode=100600, atime=1787023792, mtime=1787023792, ctime=140734784861047
cclV94px.s: size=0, mode=100600, atime=1787023792, mtime=1787023792, ctime=140734784861047
cco8ICIS.s: size=23488, mode=100600, atime=1787023792, mtime=1787023792, ctime=140734784861047
cckDX7ts.s: size=65998, mode=100600, atime=1787023792, mtime=1787023792, ctime=140734784861047
cc8eOAk2.s: size=0, mode=100600, atime=1787023792, mtime=1787023792, ctime=140734784861047
ccidJVXG.s: size=0, mode=100600, atime=1787023792, mtime=1787023792, ctime=140734784861047
ccnDMxec.s: size=0, mode=100600, atime=1787023792, mtime=1787023792, ctime=140734784861047
ccNZ2JPm.s: size=0, mode=100600, atime=1787023792, mtime=1787023792, ctime=140734784861047
ccBRnkoR.s: size=0, mode=100600, atime=1787023792, mtime=1787023792, ctime=140734784861047
ccYwdKdn.s: size=0, mode=100600, atime=1787023792, mtime=1787023792, ctime=140734784861047
ccOH4c6e.s: size=0, mode=100600, atime=1787023792, mtime=1787023792, ctime=140734784861047
ccV6sZ1I.s: size=0, mode=100600, atime=1787023792, mtime=1787023792, ctime=140734784861047
cc2g5T7W.s: size=0, mode=100600, atime=1787023792, mtime=1787023792, ctime=140734784861047
ccYeGTCl.s: size=0, mode=100600, atime=1787023792, mtime=1787023792, ctime=140734784861047
ccEYgA2r.s: size=0, mode=100600, atime=1787023792, mtime=1787023792, ctime=140734784861047
cciadQ0l.s: size=0, mode=100600, atime=1787023792, mtime=1787023792, ctime=140734784861047
ccb3dhrm.s: size=0, mode=100600, atime=1787023792, mtime=1787023792, ctime=140734784861047
ccQynQ0R.s: size=0, mode=100600, atime=1787023792, mtime=1787023792, ctime=140734784861047
ccHtOiWC.s: size=0, mode=100600, atime=1787023791, mtime=1787023791, ctime=140734784861047
ccPpW4hG.s: size=18, mode=100600, atime=1787023791, mtime=1787023792, ctime=140734784861047
cc2HmDur.s: size=65953, mode=100600, atime=1787023791, mtime=1787023792, ctime=140734784861047
ccwUoS8g.s: size=0, mode=100600, atime=1787023791, mtime=1787023791, ctime=140734784861047
ccTRT3ox.s: size=0, mode=100600, atime=1787023791, mtime=1787023791, ctime=140734784861047
ccSFxBP3.s: size=0, mode=100600, atime=1787023791, mtime=1787023791, ctime=140734784861047
ccRb7Qh7.s: size=65536, mode=100600, atime=1787023791, mtime=1787023792, ctime=140734784861047
ccQQRFoM.s: size=0, mode=100600, atime=1787023791, mtime=1787023791, ctime=140734784861047
ccOhgd2t.s: size=20480, mode=100600, atime=1787023791, mtime=1787023792, ctime=140734784861047
ccYPZNLo.s: size=0, mode=100600, atime=1787023791, mtime=1787023791, ctime=140734784861047
cc3sYD3n.s: size=0, mode=100600, atime=1787023791, mtime=1787023791, ctime=140734784861047
cckK9r9n.s: size=132841, mode=100600, atime=1787023791, mtime=1787023792, ctime=140734784861047
ccDdSNKa.s: size=0, mode=100600, atime=1787023791, mtime=1787023791, ctime=140734784861047
cc78UV93.s: size=1402496, mode=100600, atime=1787023565, mtime=1787023566, ctime=140734784861047
ccpQRV5k.s: size=1409922, mode=100600, atime=1787023565, mtime=1787023566, ctime=140734784861047
ccemPys6.s: size=30, mode=100600, atime=1787023564, mtime=1787023565, ctime=140734784861047
cc0zimJO.s: size=206875, mode=100600, atime=1787023369, mtime=1787023370, ctime=140734784861047
ccDfXZER.s: size=165015, mode=100600, atime=1787023369, mtime=1787023370, ctime=140734784861047
ccvV6x0d.s: size=1848488, mode=100600, atime=1787023369, mtime=1787023372, ctime=140734784861047
ccb0Jt51.s: size=946109, mode=100600, atime=1787023369, mtime=1787023371, ctime=140734784861047
ccV1WhpS.s: size=1300931, mode=100600, atime=1787023369, mtime=1787023371, ctime=140734784861047
ccqcXieF.s: size=1410118, mode=100600, atime=1787023369, mtime=1787023371, ctime=140734784861047
ccgP6TZV.s: size=872498, mode=100600, atime=1787023369, mtime=1787023370, ctime=140734784861047
ccjT5Hq7.s: size=554304, mode=100600, atime=1787023285, mtime=1787023286, ctime=140734784861047
ccLrjWSh.s: size=4649613, mode=100600, atime=1787023285, mtime=1787023287, ctime=140734784861047
ccX9VouU.s: size=5116802, mode=100600, atime=1787023284, mtime=1787023288, ctime=140734784861047
ccP3rTbm.s: size=284316, mode=100600, atime=1787023198, mtime=1787023207, ctime=140734784861047
ccQ1RXnv.s: size=30941, mode=100600, atime=1787023198, mtime=1787023201, ctime=140734784861047
ccnUHMcK.s: size=225488, mode=100600, atime=1787023198, mtime=1787023208, ctime=140734784861047
ccERby0x.s: size=255036, mode=100600, atime=1787023198, mtime=1787023207, ctime=140734784861047
ccsEkA37.s: size=248048, mode=100600, atime=1787023198, mtime=1787023208, ctime=140734784861047
ccKKaZO9.s: size=441586, mode=100600, atime=1787023198, mtime=1787023209, ctime=140734784861047
ccgiz7vu.s: size=30941, mode=100600, atime=1787023198, mtime=1787023203, ctime=140734784861047
ccgZ3QWt.s: size=26735, mode=100600, atime=1787023198, mtime=1787023201, ctime=140734784861047
cclDqBwX.s: size=97102, mode=100600, atime=1787023198, mtime=1787023204, ctime=140734784861047
ccZC1VKN.s: size=97102, mode=100600, atime=1787023198, mtime=1787023204, ctime=140734784861047
ccQKtP0A.s: size=81357, mode=100600, atime=1787023198, mtime=1787023202, ctime=140734784861047
ccLD5Lp5.s: size=24, mode=100600, atime=1787023198, mtime=1787023203, ctime=140734784861047
ccXIffUW.s: size=441586, mode=100600, atime=1787023197, mtime=1787023209, ctime=140734784861047
ccUb6vQB.s: size=27, mode=100600, atime=1787023197, mtime=1787023198, ctime=140734784861047
cczL4klT.s: size=20, mode=100600, atime=1787023197, mtime=1787023199, ctime=140734784861047
cc5TamUv.s: size=248048, mode=100600, atime=1787023197, mtime=1787023207, ctime=140734784861047
cclzgX4f.s: size=81357, mode=100600, atime=1787023197, mtime=1787023202, ctime=140734784861047
ccXzk16T.s: size=284316, mode=100600, atime=1787023197, mtime=1787023205, ctime=140734784861047
ccKgXIuM.s: size=690720, mode=100600, atime=1787023197, mtime=1787023210, ctime=140734784861047
cchurEgo.s: size=26735, mode=100600, atime=1787023197, mtime=1787023201, ctime=140734784861047
cctdOZh9.s: size=30941, mode=100600, atime=1787023197, mtime=1787023200, ctime=140734784861047
ccZPwxWH.s: size=97102, mode=100600, atime=1787023197, mtime=1787023202, ctime=140734784861047
ccJQK1vk.s: size=97102, mode=100600, atime=1787023197, mtime=1787023202, ctime=140734784861047
ccFOdWsP.s: size=81357, mode=100600, atime=1787023197, mtime=1787023202, ctime=140734784861047
ccRZk6Ff.s: size=225488, mode=100600, atime=1787023197, mtime=1787023206, ctime=140734784861047
cc3NgIQv.s: size=30941, mode=100600, atime=1787023197, mtime=1787023200, ctime=140734784861047
ccjuChpd.s: size=255036, mode=100600, atime=1787023197, mtime=1787023206, ctime=140734784861047
ccEByvVT.s: size=248048, mode=100600, atime=1787023196, mtime=1787023207, ctime=140734784861047
ccXJFjq0.s: size=24, mode=100600, atime=1787023196, mtime=1787023198, ctime=140734784861047
.bcddc7ffbc9dfebf-00000001.so: size=5576816, mode=100644, atime=1787022941, mtime=1787022941, ctime=140734784861047
.9adfcffdeffdff87-00000000.so: size=13745312, mode=100644, atime=1787022936, mtime=1787022936, ctime=140734784861047
com.microsoft.Edge.QwCG4s: size=80, mode=40700, atime=1787037946, mtime=1787021367, ctime=140734784861047
pyright-516314-pd6YbL1lmDgX: size=40, mode=40700, atime=1787037946, mtime=1787021133, ctime=140734784861047
pdca-task-identity-0e73a54cf0ba2a78f24936698bf7dd779208d391ff9365e8cd89af4a61658101.lock: size=0, mode=100600, atime=1787020390, mtime=1787020390, ctime=140734784861047
upload_fileats_wpQs1O: size=80, mode=40700, atime=1787037946, mtime=1787019549, ctime=140734784861047
rpc_metadata_test_Idoc91: size=80, mode=40700, atime=1787037946, mtime=1787019549, ctime=140734784861047
fchownats_test_DRhe9O: size=80, mode=40700, atime=1787037946, mtime=1787019549, ctime=140734784861047
fchmodats_test_CAXrNk: size=80, mode=40700, atime=1787037946, mtime=1787019549, ctime=140734784861047
download_fileats_I5Z7zs: size=80, mode=40700, atime=1787037946, mtime=1787019549, ctime=140734784861047
upload_fileats_sRAsWm: size=80, mode=40700, atime=1787037946, mtime=1787019392, ctime=140734784861047
rpc_metadata_test_hw3DdM: size=80, mode=40700, atime=1787037946, mtime=1787019392, ctime=140734784861047
fchownats_test_5sAnKc: size=80, mode=40700, atime=1787037946, mtime=1787019392, ctime=140734784861047
fchmodats_test_cSCgrm: size=80, mode=40700, atime=1787037946, mtime=1787019392, ctime=140734784861047
download_fileats_hMrJgH: size=80, mode=40700, atime=1787037946, mtime=1787019392, ctime=140734784861047
ccpXWSob.s: size=690720, mode=100600, atime=1787019308, mtime=1787019314, ctime=140734784861047
cc2RC0IJ.s: size=690720, mode=100600, atime=1787019176, mtime=1787019183, ctime=140734784861047
cczbu470.s: size=690720, mode=100600, atime=1787019173, mtime=1787019181, ctime=140734784861047
ccv7LkGN.s: size=322135, mode=100600, atime=1787019173, mtime=1787019176, ctime=140734784861047
ccAtT8Jc.s: size=690720, mode=100600, atime=1787019143, mtime=1787019151, ctime=140734784861047
ccYqkbop.s: size=97102, mode=100600, atime=1787019143, mtime=1787019145, ctime=140734784861047
ccZAklVt.s: size=17, mode=100600, atime=1787019142, mtime=1787019144, ctime=140734784861047
cccsASuq.s: size=690720, mode=100600, atime=1787019141, mtime=1787019149, ctime=140734784861047
cckcXYcl.s: size=81357, mode=100600, atime=1787019141, mtime=1787019143, ctime=140734784861047
cct94gK1.s: size=322135, mode=100600, atime=1787019141, mtime=1787019145, ctime=140734784861047
cchXak0j.s: size=97102, mode=100600, atime=1787019140, mtime=1787019143, ctime=140734784861047
upload_fileats_7ACURQ: size=80, mode=40700, atime=1787037946, mtime=1787018220, ctime=140734784861047
rpc_metadata_test_lAPzdF: size=80, mode=40700, atime=1787037946, mtime=1787018220, ctime=140734784861047
fchownats_test_7fFkHt: size=80, mode=40700, atime=1787037946, mtime=1787018220, ctime=140734784861047
fchmodats_test_2qwceu: size=80, mode=40700, atime=1787037946, mtime=1787018220, ctime=140734784861047
download_fileats_WI01LV: size=80, mode=40700, atime=1787037946, mtime=1787018220, ctime=140734784861047
upload_fileats_6dvfIy: size=80, mode=40700, atime=1787037946, mtime=1787018170, ctime=140734784861047
rpc_metadata_test_4JTLlr: size=80, mode=40700, atime=1787037946, mtime=1787018170, ctime=140734784861047
fchownats_test_xhuBld: size=80, mode=40700, atime=1787037946, mtime=1787018170, ctime=140734784861047
fchmodats_test_EcUGk1: size=80, mode=40700, atime=1787037946, mtime=1787018170, ctime=140734784861047
download_fileats_WrodNV: size=80, mode=40700, atime=1787037946, mtime=1787018170, ctime=140734784861047
ccnFQKpQ.s: size=48656, mode=100600, atime=1787018134, mtime=1787018136, ctime=140734784861047
cc8sQaDA.res: size=0, mode=100600, atime=1787018134, mtime=1787018134, ctime=140734784861047
ccHmnKcZ.res: size=0, mode=100600, atime=1787018134, mtime=1787018134, ctime=140734784861047
ccYYHbNF.res: size=0, mode=100600, atime=1787018134, mtime=1787018134, ctime=140734784861047
cckPdsip.res: size=0, mode=100600, atime=1787018134, mtime=1787018134, ctime=140734784861047
ccuaE1qd.res: size=0, mode=100600, atime=1787018134, mtime=1787018134, ctime=140734784861047
ccJSWPjp.res: size=0, mode=100600, atime=1787018134, mtime=1787018134, ctime=140734784861047
cceI2ni4.res: size=0, mode=100600, atime=1787018134, mtime=1787018134, ctime=140734784861047
ccCk8w8F.res: size=0, mode=100600, atime=1787018074, mtime=1787018074, ctime=140734784861047
ccf68W2J.res: size=0, mode=100600, atime=1787018073, mtime=1787018073, ctime=140734784861047
cckPNFux.res: size=0, mode=100600, atime=1787018073, mtime=1787018073, ctime=140734784861047
ccPyGIMZ.res: size=0, mode=100600, atime=1787018073, mtime=1787018073, ctime=140734784861047
ccEEa0ML.res: size=0, mode=100600, atime=1787018073, mtime=1787018073, ctime=140734784861047
ccLjUjqs.s: size=30, mode=100600, atime=1787018073, mtime=1787018074, ctime=140734784861047
ccdSunxU.res: size=0, mode=100600, atime=1787018073, mtime=1787018073, ctime=140734784861047
ccGVA4Uw.res: size=0, mode=100600, atime=1787018072, mtime=1787018072, ctime=140734784861047
ccpE7XMc.res: size=0, mode=100600, atime=1787018072, mtime=1787018072, ctime=140734784861047
ccHQnzbj.res: size=0, mode=100600, atime=1787018072, mtime=1787018072, ctime=140734784861047
ccOywi70.res: size=0, mode=100600, atime=1787018072, mtime=1787018072, ctime=140734784861047
cctPhdk4.res: size=0, mode=100600, atime=1787018072, mtime=1787018072, ctime=140734784861047
cc6jtOSD.res: size=0, mode=100600, atime=1787018072, mtime=1787018072, ctime=140734784861047
ccXgWy9k.res: size=0, mode=100600, atime=1787018072, mtime=1787018072, ctime=140734784861047
ccIevulh.res: size=0, mode=100600, atime=1787018072, mtime=1787018072, ctime=140734784861047
.bcddc77ef7a5b7bc-00000001.so: size=5576816, mode=100644, atime=1787017987, mtime=1787017987, ctime=140734784861047
.9adfcbfbf3eeed97-00000000.so: size=13745312, mode=100644, atime=1787017983, mtime=1787017983, ctime=140734784861047
msg_bin2.strace: size=1340, mode=100644, atime=1787017610, mtime=1787017610, ctime=140734784861047
msg_bin.strace: size=1340, mode=100644, atime=1787017599, mtime=1787017599, ctime=140734784861047
msg_test.strace: size=101932, mode=100644, atime=1787017584, mtime=1787017584, ctime=140734784861047
ccUbvxTb.s: size=75450, mode=100600, atime=1787017414, mtime=1787017415, ctime=140734784861047
ccnzCKVj.s: size=9775, mode=100600, atime=1787017414, mtime=1787017414, ctime=140734784861047
ccicMEOU.s: size=75450, mode=100600, atime=1787017414, mtime=1787017415, ctime=140734784861047
ccph1VCf.s: size=25423, mode=100600, atime=1787017414, mtime=1787017415, ctime=140734784861047
ccLaq6h1.s: size=78353, mode=100600, atime=1787017414, mtime=1787017415, ctime=140734784861047
upload_fileats_nzhQFv: size=80, mode=40700, atime=1787037946, mtime=1786961811, ctime=140734784861047
rpc_metadata_test_6sM51d: size=80, mode=40700, atime=1787037946, mtime=1786961811, ctime=140734784861047
fchownats_test_lzGm76: size=80, mode=40700, atime=1787037946, mtime=1786961811, ctime=140734784861047
fchmodats_test_xwd1qX: size=80, mode=40700, atime=1787037946, mtime=1786961811, ctime=140734784861047
download_fileats_u7h3zf: size=80, mode=40700, atime=1787037946, mtime=1786961811, ctime=140734784861047
upload_fileats_xGrWIl: size=80, mode=40700, atime=1787037946, mtime=1786959748, ctime=140734784861047
rpc_metadata_test_C2Qx6H: size=80, mode=40700, atime=1787037946, mtime=1786959748, ctime=140734784861047
fchownats_test_yBKnFt: size=80, mode=40700, atime=1787037946, mtime=1786959748, ctime=140734784861047
fchmodats_test_ecSrue: size=80, mode=40700, atime=1787037946, mtime=1786959748, ctime=140734784861047
download_fileats_PuM38j: size=80, mode=40700, atime=1787037946, mtime=1786959748, ctime=140734784861047
.bcddcddff79ff73c-00000001.so: size=5576816, mode=100644, atime=1786959128, mtime=1786959128, ctime=140734784861047
.9adfcdfbe3e9efa7-00000000.so: size=13745312, mode=100644, atime=1786959123, mtime=1786959123, ctime=140734784861047
upload_fileats_jDRMzu: size=80, mode=40700, atime=1787037946, mtime=1786958727, ctime=140734784861047
rpc_metadata_test_pfdLjh: size=80, mode=40700, atime=1787037946, mtime=1786958727, ctime=140734784861047
fchownats_test_nvxelJ: size=80, mode=40700, atime=1787037946, mtime=1786958727, ctime=140734784861047
fchmodats_test_JU70YN: size=80, mode=40700, atime=1787037946, mtime=1786958727, ctime=140734784861047
download_fileats_z89N9C: size=80, mode=40700, atime=1787037946, mtime=1786958727, ctime=140734784861047
.bcddcd5ebdddf73e-00000001.so: size=5576816, mode=100644, atime=1786958536, mtime=1786958536, ctime=140734784861047
.9adfcdf9eee4ef8f-00000000.so: size=13745312, mode=100644, atime=1786958531, mtime=1786958531, ctime=140734784861047
upload_fileats_bWuHBo: size=80, mode=40700, atime=1787037946, mtime=1786958405, ctime=140734784861047
rpc_metadata_test_rwlBSi: size=80, mode=40700, atime=1787037946, mtime=1786958405, ctime=140734784861047
fchownats_test_FlJHrE: size=80, mode=40700, atime=1787037946, mtime=1786958405, ctime=140734784861047
fchmodats_test_5luWyj: size=80, mode=40700, atime=1787037946, mtime=1786958405, ctime=140734784861047
download_fileats_He8vLn: size=80, mode=40700, atime=1787037946, mtime=1786958405, ctime=140734784861047
upload_fileats_XdKJjg: size=80, mode=40700, atime=1787037946, mtime=1786951429, ctime=140734784861047
rpc_metadata_test_z88bQj: size=80, mode=40700, atime=1787037946, mtime=1786951429, ctime=140734784861047
fchownats_test_mEUFZl: size=80, mode=40700, atime=1787037946, mtime=1786951429, ctime=140734784861047
fchmodats_test_9f6SEA: size=80, mode=40700, atime=1787037946, mtime=1786951429, ctime=140734784861047
download_fileats_XzdhhO: size=80, mode=40700, atime=1787037946, mtime=1786951429, ctime=140734784861047
upload_fileats_Q703j8: size=80, mode=40700, atime=1787037946, mtime=1786950956, ctime=140734784861047
rpc_metadata_test_r7xLKS: size=80, mode=40700, atime=1787037946, mtime=1786950956, ctime=140734784861047
fchownats_test_BvHJjL: size=80, mode=40700, atime=1787037946, mtime=1786950956, ctime=140734784861047
fchmodats_test_HIGgk0: size=80, mode=40700, atime=1787037946, mtime=1786950956, ctime=140734784861047
download_fileats_4mmU1p: size=80, mode=40700, atime=1787037946, mtime=1786950956, ctime=140734784861047
upload_fileats_pyAJPF: size=80, mode=40700, atime=1787037946, mtime=1786948411, ctime=140734784861047
rpc_metadata_test_cwXKIT: size=80, mode=40700, atime=1787037946, mtime=1786948411, ctime=140734784861047
fchownats_test_zM145V: size=80, mode=40700, atime=1787037946, mtime=1786948411, ctime=140734784861047
fchmodats_test_kRwQ9m: size=80, mode=40700, atime=1787037946, mtime=1786948411, ctime=140734784861047
download_fileats_hR7822: size=80, mode=40700, atime=1787037946, mtime=1786948411, ctime=140734784861047
upload_fileats_hUAfka: size=80, mode=40700, atime=1787037946, mtime=1786945838, ctime=140734784861047
rpc_metadata_test_v5abuw: size=80, mode=40700, atime=1787037946, mtime=1786945838, ctime=140734784861047
fchownats_test_6en68H: size=80, mode=40700, atime=1787037946, mtime=1786945838, ctime=140734784861047
fchmodats_test_id7mV1: size=80, mode=40700, atime=1787037946, mtime=1786945838, ctime=140734784861047
download_fileats_FiHNAa: size=80, mode=40700, atime=1787037946, mtime=1786945838, ctime=140734784861047
upload_fileats_7skUeI: size=80, mode=40700, atime=1787037946, mtime=1786945702, ctime=140734784861047
rpc_metadata_test_hzeuzs: size=80, mode=40700, atime=1787037946, mtime=1786945702, ctime=140734784861047
fchownats_test_kJGNNm: size=80, mode=40700, atime=1787037946, mtime=1786945702, ctime=140734784861047
fchmodats_test_0GRfnS: size=80, mode=40700, atime=1787037946, mtime=1786945702, ctime=140734784861047
download_fileats_qL7WhW: size=80, mode=40700, atime=1787037946, mtime=1786945702, ctime=140734784861047
ccSnAzte.s: size=321843, mode=100600, atime=1786945480, mtime=1786945482, ctime=140734784861047
convergence-map.json: size=1413, mode=100644, atime=1786943146, mtime=1786943137, ctime=140734784861047
upload_fileats_4qxy2x: size=80, mode=40700, atime=1787037946, mtime=1786942595, ctime=140734784861047
rpc_metadata_test_YT2GfA: size=80, mode=40700, atime=1787037946, mtime=1786942595, ctime=140734784861047
fchownats_test_p5KHjp: size=80, mode=40700, atime=1787037946, mtime=1786942595, ctime=140734784861047
fchmodats_test_JqzU71: size=80, mode=40700, atime=1787037946, mtime=1786942595, ctime=140734784861047
download_fileats_NjWnkP: size=80, mode=40700, atime=1787037946, mtime=1786942595, ctime=140734784861047
upload_fileats_slLkyR: size=80, mode=40700, atime=1787037946, mtime=1786941992, ctime=140734784861047
rpc_metadata_test_Lo2gke: size=80, mode=40700, atime=1787037946, mtime=1786941992, ctime=140734784861047
fchownats_test_AxDMzJ: size=80, mode=40700, atime=1787037946, mtime=1786941992, ctime=140734784861047
fchmodats_test_LHjzwz: size=80, mode=40700, atime=1787037946, mtime=1786941992, ctime=140734784861047
download_fileats_UD2nAQ: size=80, mode=40700, atime=1787037946, mtime=1786941992, ctime=140734784861047
upload_fileats_PXNZ09: size=80, mode=40700, atime=1787037946, mtime=1786941973, ctime=140734784861047
rpc_metadata_test_ML1yE9: size=80, mode=40700, atime=1787037946, mtime=1786941973, ctime=140734784861047
fchownats_test_KmvVXP: size=80, mode=40700, atime=1787037946, mtime=1786941973, ctime=140734784861047
fchmodats_test_hjkUkz: size=80, mode=40700, atime=1787037946, mtime=1786941973, ctime=140734784861047
download_fileats_DGglaW: size=80, mode=40700, atime=1787037946, mtime=1786941973, ctime=140734784861047
upload_fileats_7HsT2R: size=80, mode=40700, atime=1787037946, mtime=1786941955, ctime=140734784861047
cv_debug.log.tmp: size=9, mode=100644, atime=1786941955, mtime=1787041139, ctime=140734784861047
preamble-6376a5.pch: size=9, mode=100644, atime=1787041139, mtime=1787041139, ctime=140734784861047
pread_test_src.bin: size=29, mode=100644, atime=1787041139, mtime=1787041139, ctime=140734784861047
obt: size=60, mode=40755, atime=1787037946, mtime=1786941955, ctime=140734784861047
rpc_metadata_test_KZkfaj: size=80, mode=40700, atime=1787037946, mtime=1786941955, ctime=140734784861047
logger_test.audit.log: size=6650, mode=100644, atime=1787041139, mtime=1787041139, ctime=140734784861047
test_logger.log: size=0, mode=100644, atime=1786941955, mtime=1786941955, ctime=140734784861047
fchownats_test_Q0gUAx: size=80, mode=40700, atime=1787037946, mtime=1786941955, ctime=140734784861047
fchmodats_test_047qim: size=80, mode=40700, atime=1787037946, mtime=1786941955, ctime=140734784861047
aio: size=60, mode=40755, atime=1787037946, mtime=1786941955, ctime=140734784861047
test_file_3.bin: size=6, mode=100644, atime=1786941955, mtime=1787041139, ctime=140734784861047
download_fileats_wmfBdA: size=80, mode=40700, atime=1787037946, mtime=1786941955, ctime=140734784861047
tmp2: size=60, mode=40755, atime=1787037946, mtime=1786941955, ctime=140734784861047
cc4phy5E.s: size=29, mode=100644, atime=1787041139, mtime=1787041139, ctime=140734784861047
tmp1: size=140, mode=40755, atime=1787037946, mtime=1787041139, ctime=140734784861047
ccWBkHty.res: size=0, mode=100600, atime=1786941923, mtime=1786941923, ctime=140734784861047
cczW5jXo.res: size=0, mode=100600, atime=1786941923, mtime=1786941923, ctime=140734784861047
ccj7hpTQ.res: size=0, mode=100600, atime=1786941923, mtime=1786941923, ctime=140734784861047
ccKv2mU3.s: size=98596, mode=100600, atime=1786941921, mtime=1786941924, ctime=140734784861047
ccZjA6AM.s: size=167702, mode=100600, atime=1786941921, mtime=1786941923, ctime=140734784861047
cc2qtocr.res: size=0, mode=100600, atime=1786941888, mtime=1786941888, ctime=140734784861047
cczUdNuM.res: size=0, mode=100600, atime=1786941888, mtime=1786941888, ctime=140734784861047
ccI4lUq7.res: size=0, mode=100600, atime=1786941888, mtime=1786941888, ctime=140734784861047
ccSEcvnb.res: size=0, mode=100600, atime=1786941888, mtime=1786941888, ctime=140734784861047
ccssf99S.res: size=0, mode=100600, atime=1786941888, mtime=1786941888, ctime=140734784861047
ccTRjnD7.res: size=0, mode=100600, atime=1786941888, mtime=1786941888, ctime=140734784861047
ccc1WnYj.res: size=0, mode=100600, atime=1786941888, mtime=1786941888, ctime=140734784861047
cc5Fpiz0.res: size=0, mode=100600, atime=1786941888, mtime=1786941888, ctime=140734784861047
ccybvvE8.s: size=23664, mode=100600, atime=1786941888, mtime=1786941889, ctime=140734784861047
ccmYHrXE.res: size=0, mode=100600, atime=1786941887, mtime=1786941887, ctime=140734784861047
ccUie661.res: size=0, mode=100600, atime=1786941887, mtime=1786941887, ctime=140734784861047
ccjkwyg6.res: size=0, mode=100600, atime=1786941887, mtime=1786941887, ctime=140734784861047
ccWs5rhU.s: size=5319, mode=100600, atime=1786941887, mtime=1786941888, ctime=140734784861047
cc6bHact.s: size=93943, mode=100600, atime=1786941887, mtime=1786941889, ctime=140734784861047
ccxNDuNa.s: size=54566, mode=100600, atime=1786941886, mtime=1786941889, ctime=140734784861047
ccKwcKMN.s: size=167702, mode=100600, atime=1786941885, mtime=1786941889, ctime=140734784861047
ccqKDAZY.s: size=98596, mode=100600, atime=1786941885, mtime=1786941889, ctime=140734784861047
ccxw9xau.s: size=1369513, mode=100600, atime=1786941136, mtime=1786941149, ctime=140734784861047
cckk352T.s: size=1165671, mode=100600, atime=1786941136, mtime=1786941149, ctime=140734784861047
ccyaZU2g.s: size=826546, mode=100600, atime=1786941135, mtime=1786941145, ctime=140734784861047
ccawuXJ4.s: size=826546, mode=100600, atime=1786941076, mtime=1786941088, ctime=140734784861047
ccyk7cj0.s: size=38097, mode=100600, atime=1786941076, mtime=1786941080, ctime=140734784861047
ccHJNBsb.s: size=1165671, mode=100600, atime=1786941075, mtime=1786941090, ctime=140734784861047
cc3IIkKJ.s: size=1369513, mode=100600, atime=1786941075, mtime=1786941091, ctime=140734784861047
ccBGaIUF.s: size=33364, mode=100600, atime=1786941075, mtime=1786941078, ctime=140734784861047
cc39ppVL.s: size=826546, mode=100600, atime=1786941075, mtime=1786941086, ctime=140734784861047
ccPvXE51.s: size=38097, mode=100600, atime=1786941075, mtime=1786941078, ctime=140734784861047
ccq6Qulo.s: size=38097, mode=100600, atime=1786941059, mtime=1786941063, ctime=140734784861047
ccaQTcRH.s: size=826546, mode=100600, atime=1786941059, mtime=1786941070, ctime=140734784861047
cccgyEnV.s: size=1369513, mode=100600, atime=1786941059, mtime=1786941074, ctime=140734784861047
ccS5cgM1.s: size=1369513, mode=100600, atime=1786941058, mtime=1786941073, ctime=140734784861047
cckdVyrW.s: size=1165671, mode=100600, atime=1786941058, mtime=1786941072, ctime=140734784861047
ccL4W3dY.s: size=33364, mode=100600, atime=1786941058, mtime=1786941062, ctime=140734784861047
ccAx2W2j.s: size=38097, mode=100600, atime=1786941057, mtime=1786941060, ctime=140734784861047
cceB8O1J.s: size=826546, mode=100600, atime=1786941057, mtime=1786941068, ctime=140734784861047
.bcddfdfefd87bbfd-00000001.so: size=5576816, mode=100644, atime=1786940480, mtime=1786940480, ctime=140734784861047
.9adf7cfdf7f4fdef-00000000.so: size=13745312, mode=100644, atime=1786940476, mtime=1786940476, ctime=140734784861047
rpc_dir_tree_test: size=100, mode=40755, atime=1787041139, mtime=1786939236, ctime=140734784861047
ccX0zWG2.s: size=441586, mode=100600, atime=1786938950, mtime=1786938962, ctime=140734784861047
ccC1TnCV.s: size=248048, mode=100600, atime=1786938950, mtime=1786938959, ctime=140734784861047
cct6xryB.s: size=690056, mode=100600, atime=1786938950, mtime=1786938963, ctime=140734784861047
ccFRXxkB.s: size=288933, mode=100600, atime=1786938950, mtime=1786938956, ctime=140734784861047
ccPFCBBB.s: size=81357, mode=100600, atime=1786938950, mtime=1786938953, ctime=140734784861047
ccjcU05P.s: size=225488, mode=100600, atime=1786938950, mtime=1786938958, ctime=140734784861047
ccOa8Vos.s: size=320733, mode=100600, atime=1786938950, mtime=1786938957, ctime=140734784861047
ccRuJzry.s: size=255036, mode=100600, atime=1786938950, mtime=1786938958, ctime=140734784861047
ccJFT0gJ.s: size=441586, mode=100600, atime=1786937637, mtime=1786937650, ctime=140734784861047
ccv4zi7J.s: size=248048, mode=100600, atime=1786937637, mtime=1786937648, ctime=140734784861047
cclEyHs5.s: size=690012, mode=100600, atime=1786937637, mtime=1786937651, ctime=140734784861047
ccLv6Xti.s: size=286527, mode=100600, atime=1786937637, mtime=1786937645, ctime=140734784861047
ccePWCab.s: size=80823, mode=100600, atime=1786937637, mtime=1786937640, ctime=140734784861047
ccgtdTGJ.s: size=320713, mode=100600, atime=1786937637, mtime=1786937644, ctime=140734784861047
cc5whcBC.s: size=225488, mode=100600, atime=1786937637, mtime=1786937647, ctime=140734784861047
ccFAFGGn.s: size=96928, mode=100600, atime=1786937637, mtime=1786937640, ctime=140734784861047
ccVGbmkB.s: size=255036, mode=100600, atime=1786937637, mtime=1786937647, ctime=140734784861047
e2e: size=80, mode=40755, atime=1787037946, mtime=1786934812, ctime=140734784861047
fix: size=80, mode=40755, atime=1787037946, mtime=1786934734, ctime=140734784861047
ccn: size=100, mode=40755, atime=1787037946, mtime=1786933847, ctime=140734784861047
.xmake1000: size=60, mode=40755, atime=1787037946, mtime=1787017063, ctime=140734784861047
cntest: size=80, mode=40755, atime=1787037946, mtime=1786933087, ctime=140734784861047
.bcddf71effa5f7fd-00000001.so: size=5576816, mode=100644, atime=1786932975, mtime=1786932975, ctime=140734784861047
.9adf7eb9eef5efa7-00000000.so: size=13745312, mode=100644, atime=1786932971, mtime=1786932971, ctime=140734784861047
cg: size=100, mode=40755, atime=1787037946, mtime=1786932924, ctime=140734784861047
client_gen: size=100, mode=40755, atime=1787037946, mtime=1786932803, ctime=140734784861047
MicrosoftEdgeDownloads: size=80, mode=40700, atime=1787037946, mtime=1786933481, ctime=140734784861047
.bcddf59ff6cfb73f-00000001.so: size=5576816, mode=100644, atime=1786932471, mtime=1786932471, ctime=140734784861047
.9adf7dbdf2f4efcf-00000000.so: size=13745312, mode=100644, atime=1786932466, mtime=1786932466, ctime=140734784861047
oh-my-opencode.log: size=1287, mode=100644, atime=1786932364, mtime=1787032948, ctime=140734784861047
.bcddf59efdb5febd-00000001.so: size=5576816, mode=100644, atime=1786932363, mtime=1786932363, ctime=140734784861047
node-compile-cache: size=60, mode=40755, atime=1787037946, mtime=1786932361, ctime=140734784861047
.9adf7dbbfbeaed87-00000000.so: size=13745312, mode=100644, atime=1786932358, mtime=1786932358, ctime=140734784861047
opencode: size=1380, mode=40755, atime=1787037946, mtime=1787038503, ctime=140734784861047
tmux-1000: size=60, mode=40700, atime=1787037946, mtime=1786932331, ctime=140734784861047
.org.chromium.Chromium.edTumG: size=80, mode=40700, atime=1787037946, mtime=1786931309, ctime=140734784861047
.ses: size=51, mode=100644, atime=1787021427, mtime=1787021427, ctime=140734784861047
cv_debug.log: size=2562, mode=100644, atime=1786930371, mtime=1787021413, ctime=140734784861047
systemd-private-ac22a77786d44a3d9eff9fb6522c9e98-upower.service-VKX1A2: size=60, mode=40700, atime=1786930342, mtime=1786930342, ctime=140734784861047
com.microsoft.Edge.k9Y345: size=80, mode=40700, atime=1787037946, mtime=1786930341, ctime=140734784861047
FlClashSocket_4604.sock: size=0, mode=140755, atime=1786930103, mtime=1786930103, ctime=140734784861047
systemd-private-ac22a77786d44a3d9eff9fb6522c9e98-polkit.service-c2EnxI: size=60, mode=40700, atime=1786930101, mtime=1786930101, ctime=140734784861047
.X1-lock: size=11, mode=100444, atime=1786930101, mtime=1786930101, ctime=140734784861047
sddm-:0-DQALgu: size=0, mode=140700, atime=1786930096, mtime=1786930096, ctime=140734784861047
sddm-auth-58641754-6c4d-4301-b2aa-01332fd2decd: size=0, mode=140755, atime=1786930100, mtime=1786930095, ctime=140734784861047
systemd-private-ac22a77786d44a3d9eff9fb6522c9e98-systemd-logind.service-QDXr9w: size=60, mode=40700, atime=1786930095, mtime=1786930095, ctime=140734784861047
systemd-private-ac22a77786d44a3d9eff9fb6522c9e98-iwd.service-Q6eysX: size=60, mode=40700, atime=1786930095, mtime=1786930095, ctime=140734784861047
systemd-private-ac22a77786d44a3d9eff9fb6522c9e98-bluetooth.service-f2ugrH: size=60, mode=40700, atime=1786930095, mtime=1786930095, ctime=140734784861047
.font-unix: size=40, mode=41777, atime=1787037946, mtime=1786930094, ctime=140734784861047
.XIM-unix: size=40, mode=41777, atime=1787037946, mtime=1786930094, ctime=140734784861047
.ICE-unix: size=40, mode=41777, atime=1787037946, mtime=1786930094, ctime=140734784861047
.X11-unix: size=80, mode=41777, atime=1787037946, mtime=1786930101, ctime=140734784861047
[0m[38;2;0;255;0;1m[ 44%]:[0m [2mrunning.test symlink/default[0m
====================================
  LMDB 默认排序 (memcmp) 验证测试
====================================

=== 测试 1: LMDB 默认字典序 (路径 key) ===
  遍历结果:
    [0] key='/a'
    [1] key='/a/b'
    [2] key='/a/bb'
    [3] key='/a/bb/c'
    [4] key='/a/bc'
    [5] key='/a/c'
    [6] key='/aa'
  ✓ 字典序验证通过: 7 个 key 按正确顺序排列

=== 测试 2: 子路径连续性 (目录分组) ===
  遍历结果:
    [0] key='/'
    [1] key='/a'
    [2] key='/a/b'
    [3] key='/a/b/c'
    [4] key='/a/b/d'
    [5] key='/a/c'
    [6] key='/b'
    [7] key='/b/a'
    [8] key='/ba'
  /a 的子路径范围: [2..5]
    '/a/b' — starts with '/a/'
    '/a/b/c' — starts with '/a/'
    '/a/b/d' — starts with '/a/'
    '/a/c' — starts with '/a/'
  /b 的子路径范围: [7..7]
    '/b/a' — starts with '/b/'
  ✓ 子路径连续性验证通过

=== 测试 3: null 终止符对排序的影响 ===
  遍历结果:
    [0] key='/a'
    [1] key='/a/b'
    [2] key='/aa'

  关键验证:
    '/a' < '/a/b' : \0(0x00) < '/'(0x2f)
                  → 目录自身先于其子路径
    '/a/b' < '/aa' : '/'(0x2f) < 'a'(0x61)
                  → 子路径先于同名前缀兄弟

  ✓ null 终止符排序影响验证通过

====================================
  全部测试通过!
====================================
[2026-08-18 16:18:59]|Info|libs/tls_cert.c:689 tls_cert_init_server|140027526113152| Optional server mTLS unavailable: certificate chain is not configured; plain connections remain enabled
[0m[38;2;0;255;0;1m[ 47%]:[0m [2mrunning.test tls_cert_test/default[0m
PASS

=== TEST: TYPE_UPDATE - Within Size ===
[2026-08-18 16:18:59]|Info|fs-backup/public/fs_meta.cpp:118 DeleteFsMeta|107369472| delete /tmp/fs_meta_test_04
[0m[38;2;0;255;0;1m[ 50%]:[0m [2mrunning.test upload_fileats/default[0m
[2026-08-18 16:18:59]|Info|rpc/main.cpp:346 main|139817186199424| change to working directory:[/tmp/t0312-rpc-time] success.
Usage: aio-speedd [OPTIONS]

=== Basic Options ===
	 --port, -p          RPC server port (default: 6611)
	 --log-path          Log directory path (default: /opt/aio/logs/tools/aio-speedd/)
	 --audit-dir, -a     Audit log path (default: /opt/aio/logs/tools/aio-speedd/)
	 --work-dir          Working directory (default: /opt/aio/airflow/tools/work/aio-speedd)
	 --daemon            Run in daemon mode with auto-restart
	 --debug             Enable debug mode
	 --keepalive         RPC keepalive interval in seconds (default: 60)
	 --help, -h          Show this help message
	 --version, -v       Show version information

=== Examples ===
	 # Start server on default port (6611)
	 aio-speedd
	 # Start server on custom port
	 aio-speedd -p 7711
	 # Start server with custom log path
	 aio-speedd --log-path /var/log/aio-speedd/
	 # Start server in daemon mode with auto-restart
	 aio-speedd -p 6611 --daemon
	 # Start server in daemon mode with custom audit path
	 aio-speedd --daemon --audit-dir /var/log/audit/
	 # Start server with debug logging
	 aio-speedd --debug
	 # Start server with custom keepalive interval
	 aio-speedd --keepalive 120
	 # Full example: daemon mode with custom port, log and audit paths
	 aio-speedd -p 7711 --daemon --log-path /var/log/aio-speedd/ --audit-dir /var/log/audit/
========================================
  rpc_conn_cli_readdir_tree 集成测试
========================================

=== Test 1: basic tree traversal ===
  OK: 6 entries returned

=== Test 2: stat metadata ===
  OK: file types and sizes

=== Test 3: empty directory ===
  OK: empty dir returns 0 entries

========================================
  ALL TESTS PASSED
PASS

=== TEST: TYPE_UPDATE - Extend (size_ext - size) ===
[2026-08-18 16:18:59]|Info|fs-backup/public/fs_meta.cpp:118 DeleteFsMeta|107369472| delete /tmp/fs_meta_test_05
[2026-08-18 16:18:59]|Info|rpc/rpc.cpp:2959 rpc_conn_cli_upload_fileats|139800415827648| upload_fileat /tmp/upload_fileats_BiCHvb/dst/:test1.txt success.
[2026-08-18 16:18:59]|Info|rpc/rpc-server.cpp:3866 rpc_conn_srv_upload_fileats|139800407434944| openat test1.txt success.
[2026-08-18 16:18:59]|Info|rpc/rpc.cpp:2959 rpc_conn_cli_upload_fileats|139800415827648| upload_fileat /tmp/upload_fileats_BiCHvb/dst/:test2.txt success.
[2026-08-18 16:18:59]|Info|rpc/rpc-server.cpp:3889 rpc_conn_srv_upload_fileats|139800407434944| upload_fileat /tmp/upload_fileats_BiCHvb/dst/:test1.txt success.
[2026-08-18 16:18:59]|Info|rpc/rpc-server.cpp:3866 rpc_conn_srv_upload_fileats|139800407434944| openat test2.txt success.
[2026-08-18 16:18:59]|Info|rpc/rpc-server.cpp:3889 rpc_conn_srv_upload_fileats|139800407434944| upload_fileat /tmp/upload_fileats_BiCHvb/dst/:test2.txt success.
usage: command args ...
	 --host:         -h      host ip must be like: (--host=127.0.0.1 or --host 127.0.0.1 or -h 127.0.0.1).
	 --port:         -p      host port must be like: (--port=6611 or --port 6611 or -p 6611).
	 --key:                  authentication key must be like: (--key=xxx or --key xxx), required.
	 --cmd:          -c      request type must be like: (--cmd=list or --cmd list or -c list).
	 --download:             scp file from remote to local must be like: (--download=1 or --download 1 defalut: 2).
	                             1 full copy dir's file
	                             2 breakpoint continuation copy dir's file(Node: must match with --bcm options).

	 --remote:               remote path or path must be like: (--remote=list or --remote list or -c list).
	 --local:                local path or file must be like: (--local=list or --local list or -c list).
	 --compress:             compress enabled must be like: (--compress=1 or --compress 1 default: 1).
	 --encrypt:              encrypt enabled must be like: (--encrypt=1 or --encrypt 1 default: 0).
	 --parallel:             parallel number must be like: (--parallel=4 or --parallel 4 default: 4).
	 --bcm:                  file for save breakpoint continuation meta info. must be like: (--bcm=file or --bcm file default: .).
	                         resumable files continue to download or upload the last failed files on a file-by-file basis.

	 --upload:               scp file from local to remote must be like: (--upload=1 or --upload 1 defalut: 2).
	                             1 full copy dir's file
	                             2 breakpoint continuation copy dir's file(Node: must match with --bcm options).

	 --checksum:             checksum enabled must be like: (--checksum=1 or --checksum 1 default: 0).
	 --nc:                   command run on dst server must be like: (--nc=command or --nc command).
	                             eg.
	                             --nc "lz4 -d -B4 | sudo xbstream  -x -C /backup/mysql"
	                             --nc 'lz4 -d -B4 | sudo xbstream  -x -C /backup/mysql'
	                             --nc "lz4 -d -B4 > /dev/null"
	                             --nc 'lz4 -d -B4 > /dev/null'
	 --bind-ip:              bind the IP address of the local NIC must be like: (--bind-ip=127.0.0.1 or --bind-ip 127.0.0.1)
	 --fb-item:              file backup input dir or file: (--fb-item=dir1;dir2;... or --fb-item dir1;dir2;...)
	 --fb-meta:              file backup data's meta: (--fb-meta=file.meta or --fb-meta file.meta)
	 --fb-exclude:           file backup exclude file: (--fb-exclude=file1;file2... or --fb-exclude file1;file2...)
	 --fb-progress:          file backup real time progress: (--fb-progress=file1 or --fb-progress file1)
	 --fb-list-item:         list item of file backup: (--fb-list-item=dir1 or --fb-list-item dir1)
	 --fb-list-output:       list item of file backup output file: (--fb-list-output=file1 or --fb-list-output file1)
	 --fb-list-position:     list item of file backup start position: (--fb-list-position=file1 or --fb-list-position file1)
	 --fb-item-size:         list total of needed transfer files size: (--fb-item-size=dir1;dir2;... or --fb-item-size dir1;dir2;...)
	 --fb-size-output:       file for total of needed transfer files size in byte info output: (--fb-size-output=file1 or --fb-size-output file1)
	 --backup-full:          full backup must be like: (--backup-full).
	 --backup-inc:           incremental backup must be like: (--backup-inc).
	 --backup-merge:         merge backup must be like: (--backup-merge).
	 --restore-file:         restore file type must be like: (--restore-file).
	 --proc-progress:        backup restore proc progress must be like: (--proc-progress).
	 --restore-meta:         restore meta type must be like: (--restore-meta).
	 --meta-find:            find backup meta must be like: (--meta-find).
	 --meta-find-range:      find backup meta limits must be like: (--meta-find-range).
	 --find-dir:             find directory must be like: (--find-dir=dir1 or --find-dir dir1).
	 --find-name:            find file name must be like: (--find-name=name1 or --find-name name1).
	 --find-count:           find count must be like: (--find-count=1 or --find-count 1).
	 --find-reverse:         find reverse must be like: (--find-reverse).
	 --find-type:            find type must be like: (--find-type=1 or --find-type 1, default: 0).
	                             1 dir
	                             0 file
	 exclude                 exclude path must be like: (--exclude=/xxx or --exclude /xxx)
	 exclude-from            file format: file1;file2
	 include                 include path must be like: (--include=/xxx or --include /xxx)
	 include-from            file format: file1;file2
	 chmod                   format: --chmod=0777
	 chown                   format: --chown=uid:gid
	 preserve                preserve old file
	 output                  save merge delete file info
	 progress                save proc progress meta data info, default tools cwd directory ./progress
	 --show-config            show config information
	 --reload-config          reload config information
	 --traversal-mode=<mode>  Traversal mode: bfs (default) or dfs
	 --debug                  debug mode
	 --help:                 usage help
	 --version:      -v      version information
Creating CA (ed25519)... done
CA private key: /tmp/t0312-rdbcomm/ca/ca.key
CA certificate: /tmp/t0312-rdbcomm/ca/ca.crt
PASS

=== TEST: TYPE_UPDATE - Large Data Write ===
[2026-08-18 16:18:59]|Info|fs-backup/public/fs_meta.cpp:118 DeleteFsMeta|107369472| delete /tmp/fs_meta_test_10
PASS

=== TEST: TYPE_UPDATE - Large Data Write Overwrite Partial ===
[2026-08-18 16:18:59]|Info|fs-backup/public/fs_meta.cpp:118 DeleteFsMeta|107369472| delete /tmp/fs_meta_test_25
=== TLS Cert Unit Tests ===

CERT_DIR: /home/black/Public/aio/aio-tools/6200/F/139/libs/tests/certs
Using CERT_DIR: /home/black/Public/aio/aio-tools/6200/F/139/libs/tests/certs
Running tls_cert_init_disabled... PASSED
Running tls_cert_init_missing_ca... CERT_DIR: /home/black/Public/aio/aio-tools/6200/F/139/libs/tests/certs
CERT_DIR: /home/black/Public/aio/aio-tools/6200/F/139/libs/tests/certs
PASSED
Running tls_cert_init_missing_cert... PASSED
Running tls_cert_init_cleanup... PASSED
Running tls_server_init... CERT_DIR: /home/black/Public/aio/aio-tools/6200/F/139/libs/tests/certs
CERT_DIR: /home/black/Public/aio/aio-tools/6200/F/139/libs/tests/certs
CERT_DIR: /home/black/Public/aio/aio-tools/6200/F/139/libs/tests/certs
PASSED
Running tls_server_missing_ca... PASSED
Running tls_server_missing_cert... CERT_DIR: /home/black/Public/aio/aio-tools/6200/F/139/libs/tests/certs
PASSED
Running tls_server_missing_key... CERT_DIR: /home/black/Public/aio/aio-tools/6200/F/139/libs/tests/certs
CERT_DIR: /home/black/Public/aio/aio-tools/6200/F/139/libs/tests/certs
PASSED
Running tls_empty_cert_dir... CERT_DIR: /home/black/Public/aio/aio-tools/6200/F/139/libs/tests/certs
PASSED
Running tls_invalid_ca_cert_format... CERT_DIR: /home/black/Public/aio/aio-tools/6200/F/139/libs/tests/certs
CERT_DIR: /home/black/Public/aio/aio-tools/6200/F/139/libs/tests/certs
CERT_DIR: /home/black/Public/aio/aio-tools/6200/F/139/libs/tests/certs
PASSED
Running tls_client_with_server_cert_env... CERT_DIR: /home/black/Public/aio/aio-tools/6200/F/139/libs/tests/certs
CERT_DIR: /home/black/Public/aio/aio-tools/6200/F/139/libs/tests/certs
CERT_DIR: /home/black/Public/aio/aio-tools/6200/F/139/libs/tests/certs
Client can init with server cert (not recommended but should work)
PASSED
Running tls_server_with_cert_dir_env... CERT_DIR: /home/black/Public/aio/aio-tools/6200/F/139/libs/tests/certs
CERT_DIR: /home/black/Public/aio/aio-tools/6200/F/139/libs/tests/certs
Server can init with cert_dir (will load first matching cert)
PASSED
Running tls_cert_select_callback... CERT_DIR: /home/black/Public/aio/aio-tools/6200/F/139/libs/tests/certs
CERT_DIR: /home/black/Public/aio/aio-tools/6200/F/139/libs/tests/certs
TLS cert callback test passed
PASSED
Running tls_ciphersuites_default_null... PASSED
Running tls_ciphersuites_from_env... CERT_DIR: /home/black/Public/aio/aio-tools/6200/F/139/libs/tests/certs
CERT_DIR: /home/black/Public/aio/aio-tools/6200/F/139/libs/tests/certs
[2026-08-18 16:18:59]|Info|libs/tls_cert.c:478 tls_cert_set_ciphersuites_from_conf|140553952835456| Applied ciphersuites config: TLS_SM4_GCM_SM3:TLS_AES_256_GCM_SHA384
[2026-08-18 16:18:59]|Info|libs/tls_cert.c:536 tls_cert_load_sm2_chain|140553952835456| Loaded SM2 certificate chain: ca=/home/black/Public/aio/aio-tools/6200/F/139/libs/tests/certs/sm2_ca.crt cert=/home/black/Public/aio/aio-tools/6200/F/139/libs/tests/certs/sm2_host.crt key=/home/black/Public/aio/aio-tools/6200/F/139/libs/tests/certs/sm2_host.key
PASSED
Running tls_ciphersuites_invalid_ignored... CERT_DIR: /home/black/Public/aio/aio-tools/6200/F/139/libs/tests/certs
CERT_DIR: /home/black/Public/aio/aio-tools/6200/F/139/libs/tests/certs
[2026-08-18 16:18:59]|Error|libs/tls_cert.c:476 tls_cert_set_ciphersuites_from_conf|140553952835456| Failed to apply ciphersuites config: TLS_THIS_SUITE_DOES_NOT_EXIST
PASSED
Running tls_sm2_chain_loaded_with_ciphersuites... CERT_DIR: /home/black/Public/aio/aio-tools/6200/F/139/libs/tests/certs
CERT_DIR: /home/black/Public/aio/aio-tools/6200/F/139/libs/tests/certs
[2026-08-18 16:18:59]|Info|libs/tls_cert.c:478 tls_cert_set_ciphersuites_from_conf|140553952835456| Applied ciphersuites config: TLS_SM4_GCM_SM3
[2026-08-18 16:18:59]|Info|libs/tls_cert.c:536 tls_cert_load_sm2_chain|140553952835456| Loaded SM2 certificate chain: ca=/home/black/Public/aio/aio-tools/6200/F/139/libs/tests/certs/sm2_ca.crt cert=/home/black/Public/aio/aio-tools/6200/F/139/libs/tests/certs/sm2_host.crt key=/home/black/Public/aio/aio-tools/6200/F/139/libs/tests/certs/sm2_host.key
PASSED
Running tls_sm2_chain_missing_fails... [2026-08-18 16:18:59]|Info|libs/tls_cert.c:478 tls_cert_set_ciphersuites_from_conf|140553952835456| Applied ciphersuites config: TLS_SM4_GCM_SM3
[2026-08-18 16:18:59]|Error|libs/tls_cert.c:517 tls_cert_load_sm2_chain|140553952835456| SM2 TLS setup failed: stage=certificate-or-key reason=load failed ca=/tmp/tls_sm2_empty_dir/sm2_ca.crt cert=/tmp/tls_sm2_empty_dir/sm2_host.crt key=/tmp/tls_sm2_empty_dir/sm2_host.key
[2026-08-18 16:18:59]|Error|libs/tls_cert.c:581 tls_cert_apply_sm2_if_configured|140553952835456| SM2 TLS setup failed: role=client stage=certificate-chain algorithm=TLS_SM4_GCM_SM3 ca=/tmp/tls_sm2_empty_dir/sm2_ca.crt cert=/tmp/tls_sm2_empty_dir/sm2_host.crt key=/tmp/tls_sm2_empty_dir/sm2_host.key reason=required certificate chain unavailable
PASSED
Running tls_sm2_server_chain_loaded... CERT_DIR: /home/black/Public/aio/aio-tools/6200/F/139/libs/tests/certs
CERT_DIR: /home/black/Public/aio/aio-tools/6200/F/139/libs/tests/certs
[2026-08-18 16:18:59]|Info|libs/tls_cert.c:478 tls_cert_set_ciphersuites_from_conf|140553952835456| Applied ciphersuites config: TLS_SM4_GCM_SM3
[2026-08-18 16:18:59]|Info|libs/tls_cert.c:536 tls_cert_load_sm2_chain|140553952835456| Loaded SM2 certificate chain: ca=/home/black/Public/aio/aio-tools/6200/F/139/libs/tests/certs/sm2_ca.crt cert=/home/black/Public/aio/aio-tools/6200/F/139/libs/tests/certs/sm2_host.crt key=/home/black/Public/aio/aio-tools/6200/F/139/libs/tests/certs/sm2_host.key
PASSED
Running tls_mtls_handshake... CERT_DIR: /home/black/Public/aio/aio-tools/6200/F/139/libs/tests/certs
CERT_DIR: /home/black/Public/aio/aio-tools/6200/F/139/libs/tests/certs
CERT_DIR: /home/black/Public/aio/aio-tools/6200/F/139/libs/tests/certs
Generating private key: /tmp/t0312-rdbcomm/server/host.key
Generating CSR: /tmp/t0312-rdbcomm/server/host.csr
Generating private key (ed25519)... done
Generating CSR... done
Private key: /tmp/t0312-rdbcomm/server/host.key
CSR: /tmp/t0312-rdbcomm/server/host.csr
PASS

=== TEST: TYPE_UPDATE - 1M File Overwrite Single Write ===
[2026-08-18 16:18:59]|Info|fs-backup/public/fs_meta.cpp:118 DeleteFsMeta|107369472| delete /tmp/fs_meta_test_26
mtls: server initialized
mtls: server listening on port 14449
PASS

=== TEST: BOUNDARY - Max Block Size 16K ===
[2026-08-18 16:18:59]|Info|fs-backup/public/fs_meta.cpp:118 DeleteFsMeta|107369472| delete /tmp/fs_meta_test_09
PASS

=== TEST: BOUNDARY - Max Block Size 64K ===
[2026-08-18 16:18:59]|Info|fs-backup/public/fs_meta.cpp:118 DeleteFsMeta|107369472| delete /tmp/fs_meta_test_10
Signing certificate... done
Certificate: /tmp/t0312-rdbcomm/server/server.crt
PASS

=== TEST: TRUNCATE ===
[2026-08-18 16:18:59]|Info|fs-backup/public/fs_meta.cpp:118 DeleteFsMeta|107369472| delete /tmp/fs_meta_test_11
PASS

=== TEST: CURSOR REUSE ===
[2026-08-18 16:18:59]|Info|fs-backup/public/fs_meta.cpp:118 DeleteFsMeta|107369472| delete /tmp/fs_meta_test_12
rpc_handshake_test: PASS
PASS

=== TEST: TYPE_DEL ===
[2026-08-18 16:18:59]|Info|fs-backup/public/fs_meta.cpp:118 DeleteFsMeta|107369472| delete /tmp/fs_meta_test_14
Generating private key: /tmp/t0312-rdbcomm/client-a/host.key
Generating CSR: /tmp/t0312-rdbcomm/client-a/host.csr
Generating private key (ed25519)... done
Generating CSR... done
Private key: /tmp/t0312-rdbcomm/client-a/host.key
CSR: /tmp/t0312-rdbcomm/client-a/host.csr
PASS

=== TEST: VARIOUS OFFSETS - 偏移组合 ===
[2026-08-18 16:18:59]|Info|fs-backup/public/fs_meta.cpp:118 DeleteFsMeta|107369472| delete /tmp/fs_meta_test_15
PASS

=== TEST: VARIOUS SIZES - 不同文件大小 ===
[2026-08-18 16:18:59]|Info|fs-backup/public/fs_meta.cpp:118 DeleteFsMeta|107369472| delete /tmp/fs_meta_test_16
PASS

=== TEST: OVERWRITE - 同一偏移重复写入 ===
[2026-08-18 16:18:59]|Info|fs-backup/public/fs_meta.cpp:118 DeleteFsMeta|107369472| delete /tmp/fs_meta_test_17
Signing certificate... done
Certificate: /tmp/t0312-rdbcomm/client-a/client.crt
PASS

=== TEST: MIXED OPERATIONS - 混合操作序列 ===
[2026-08-18 16:18:59]|Info|fs-backup/public/fs_meta.cpp:118 DeleteFsMeta|107369472| delete /tmp/fs_meta_test_18
PASS

=== TEST: SPARSE FILE - 稀疏文件 ===
[2026-08-18 16:18:59]|Info|fs-backup/public/fs_meta.cpp:118 DeleteFsMeta|107369472| delete /tmp/fs_meta_test_19
Generating private key: /tmp/t0312-rdbcomm/client-b/host.key
Generating CSR: /tmp/t0312-rdbcomm/client-b/host.csr
Generating private key (ed25519)... done
Generating CSR... done
Private key: /tmp/t0312-rdbcomm/client-b/host.key
CSR: /tmp/t0312-rdbcomm/client-b/host.csr
PASS

=== TEST: OUT_OF_ORDER WRITE - 乱序写入 ===
[2026-08-18 16:18:59]|Info|fs-backup/public/fs_meta.cpp:118 DeleteFsMeta|107369472| delete /tmp/fs_meta_test_20
PASS

=== TEST: ZERO OFFSET + VARIOUS COUNT - 零偏移+不同大小 ===
[2026-08-18 16:18:59]|Info|fs-backup/public/fs_meta.cpp:118 DeleteFsMeta|107369472| delete /tmp/fs_meta_test_21
PASS

=== TEST: LARGE GAP - 大间隔写入 ===
[2026-08-18 16:18:59]|Info|fs-backup/public/fs_meta.cpp:118 DeleteFsMeta|107369472| delete /tmp/fs_meta_test_22
Signing certificate... done
Certificate: /tmp/t0312-rdbcomm/client-b/client.crt
PASS

=== TEST: TYPE_NEW - Multi Write ===
[2026-08-18 16:18:59]|Info|fs-backup/public/fs_meta.cpp:118 DeleteFsMeta|107369472| delete /tmp/fs_meta_test_23
PASS

=== TEST: TYPE_NEW - Reopen ===
[2026-08-18 16:18:59]|Info|fs-backup/public/fs_meta.cpp:118 DeleteFsMeta|107369472| delete /tmp/fs_meta_test_24
PASS

=== TEST: TYPE_NEW - Delete ===
[2026-08-18 16:18:59]|Info|fs-backup/public/fs_meta.cpp:118 DeleteFsMeta|107369472| delete /tmp/fs_meta_test_25
Creating CA (sm2)... done
CA private key: /tmp/t0312-rdbcomm/sm2/ca/ca.key
CA certificate: /tmp/t0312-rdbcomm/sm2/ca/ca.crt
PASS

=== TEST: TYPE_UPDATE - Delete ===
[2026-08-18 16:18:59]|Info|fs-backup/public/fs_meta.cpp:118 DeleteFsMeta|107369472| delete /tmp/fs_meta_test_26
PASS

=== TEST: DELETE then CREATE ===
[2026-08-18 16:18:59]|Info|fs-backup/public/fs_meta.cpp:118 DeleteFsMeta|107369472| delete /tmp/fs_meta_test_27
PASS

=== TEST: DELETE then MODIFY ===
[2026-08-18 16:18:59]|Info|fs-backup/public/fs_meta.cpp:118 DeleteFsMeta|107369472| delete /tmp/fs_meta_test_28
PASS

=== TEST: OPEN EXIST ===
[2026-08-18 16:18:59]|Info|fs-backup/public/fs_meta.cpp:118 DeleteFsMeta|107369472| delete /tmp/fs_meta_test_30
Generating private key: /tmp/t0312-rdbcomm/sm2/server/host.key
Generating CSR: /tmp/t0312-rdbcomm/sm2/server/host.csr
Generating private key (sm2)... done
Generating CSR... done
Private key: /tmp/t0312-rdbcomm/sm2/server/host.key
CSR: /tmp/t0312-rdbcomm/sm2/server/host.csr
PASS

=== TEST: RANDOM WRITE ===
  After OnOpen: type=1 size=5000 size_ext=5000 byte_id=0
  GetVal returns 0, type=1
  OnWriteFile ret=0
  After OnWriteFile: type=1 size=5000 size_ext=5000 byte_id=0
[2026-08-18 16:18:59]|Info|fs-backup/public/fs_meta.cpp:118 DeleteFsMeta|107369472| delete /tmp/fs_meta_test_31
PASS

========================================
       Results: 0 failures
========================================
Signing certificate... done
Certificate: /tmp/t0312-rdbcomm/sm2/server/server.crt
Generating private key: /tmp/t0312-rdbcomm/sm2/client/host.key
Generating CSR: /tmp/t0312-rdbcomm/sm2/client/host.csr
Generating private key (sm2)... done
Generating CSR... done
Private key: /tmp/t0312-rdbcomm/sm2/client/host.key
CSR: /tmp/t0312-rdbcomm/sm2/client/host.csr
Signing certificate... done
Certificate: /tmp/t0312-rdbcomm/sm2/client/client.crt
[2026-08-18 16:18:59]|Info|rdbcomm/rdbcommd-main.c:254 main|140406911154048| change to working directory:[/tmp/rdbcomm-tool-test-17610] success.
CERT_DIR: /home/black/Public/aio/aio-tools/6200/F/139/libs/tests/certs
CERT_DIR: /home/black/Public/aio/aio-tools/6200/F/139/libs/tests/certs
CERT_DIR: /home/black/Public/aio/aio-tools/6200/F/139/libs/tests/certs
mtls: client initialized
mtls: client connected to server
mtls: client handshake success
mtls: client wrote 22 bytes
mtls server: handshake success
mtls server received: Hello from mtls client
mtls: client read 22 bytes: Hello from mtls server
mtls: server thread returned 0
PASSED
Running tls_sm2_mtls_handshake... CERT_DIR: /home/black/Public/aio/aio-tools/6200/F/139/libs/tests/certs
CERT_DIR: /home/black/Public/aio/aio-tools/6200/F/139/libs/tests/certs
CERT_DIR: /home/black/Public/aio/aio-tools/6200/F/139/libs/tests/certs
[2026-08-18 16:18:59]|Info|libs/tls_cert.c:478 tls_cert_set_ciphersuites_from_conf|140553952835456| Applied ciphersuites config: TLS_SM4_GCM_SM3
[2026-08-18 16:18:59]|Info|libs/tls_cert.c:536 tls_cert_load_sm2_chain|140553952835456| Loaded SM2 certificate chain: ca=/home/black/Public/aio/aio-tools/6200/F/139/libs/tests/certs/sm2_ca.crt cert=/home/black/Public/aio/aio-tools/6200/F/139/libs/tests/certs/sm2_host.crt key=/home/black/Public/aio/aio-tools/6200/F/139/libs/tests/certs/sm2_host.key
sm2 mtls: server initialized with SM2 chain
sm2 mtls: server listening on port 14451
CERT_DIR: /home/black/Public/aio/aio-tools/6200/F/139/libs/tests/certs
CERT_DIR: /home/black/Public/aio/aio-tools/6200/F/139/libs/tests/certs
[2026-08-18 16:18:59]|Info|libs/tls_cert.c:478 tls_cert_set_ciphersuites_from_conf|140553952835456| Applied ciphersuites config: TLS_SM4_GCM_SM3
[2026-08-18 16:18:59]|Info|libs/tls_cert.c:536 tls_cert_load_sm2_chain|140553952835456| Loaded SM2 certificate chain: ca=/home/black/Public/aio/aio-tools/6200/F/139/libs/tests/certs/sm2_ca.crt cert=/home/black/Public/aio/aio-tools/6200/F/139/libs/tests/certs/sm2_host.crt key=/home/black/Public/aio/aio-tools/6200/F/139/libs/tests/certs/sm2_host.key
sm2 mtls: client initialized with SM2 chain
sm2 mtls: client connected to server
sm2 mtls: negotiated cipher = TLS_SM4_GCM_SM3
sm2 mtls: client wrote 21 bytes
mtls server: handshake success
mtls server received: Hello from sm2 client
sm2 mtls: client read 22 bytes: Hello from mtls server
sm2 mtls: server thread returned 0
PASSED

=== Results ===
Passed: 21
Failed: 0

All tests PASSED!
1787041139
1787041139
beforeSleep 0
signal 15 received, exit...
rpc_time_integration: PASS
[2026-08-18 16:19:00]|Info|rdbcomm/rdbcommd-main.c:254 main|140303391377280| change to working directory:[/tmp/rdbcomm-tool-test-17611] success.
[2026-08-18 16:19:00]|Info|rdbcomm/rdbcommd-main.c:272 main|140303391377280| TLS/mTLS enabled for rdbcommd
1787041140
[2026-08-18 16:19:00]|Info|rdbcomm/rdbcommd-main.c:254 main|140660827965312| change to working directory:[/tmp/rdbcomm-tool-test-17612] success.
[2026-08-18 16:19:00]|Info|rdbcomm/rdbcommd-main.c:272 main|140660827965312| TLS/mTLS enabled for rdbcommd
1787041140
[2026-08-18 16:19:00]|Info|libs/tls_cert.c:478 tls_cert_set_ciphersuites_from_conf|140112616040320| Applied ciphersuites config: TLS_SM4_GCM_SM3
[2026-08-18 16:19:00]|Error|libs/tls_cert.c:517 tls_cert_load_sm2_chain|140112616040320| SM2 TLS setup failed: stage=certificate-or-key reason=load failed ca=/tmp/t0312-rdbcomm/client-certs//sm2_ca.crt cert=/tmp/t0312-rdbcomm/client-certs//sm2_host.crt key=/tmp/t0312-rdbcomm/client-certs//sm2_host.key
[2026-08-18 16:19:00]|Error|libs/tls_cert.c:581 tls_cert_apply_sm2_if_configured|140112616040320| SM2 TLS setup failed: role=client stage=certificate-chain algorithm=TLS_SM4_GCM_SM3 ca=/tmp/t0312-rdbcomm/client-certs//sm2_ca.crt cert=/tmp/t0312-rdbcomm/client-certs//sm2_host.crt key=/tmp/t0312-rdbcomm/client-certs//sm2_host.key reason=required certificate chain unavailable
tls_cert_init_client_from_env failed
[2026-08-18 16:19:00]|Info|rdbcomm/rdbcommd-main.c:254 main|140713945294720| change to working directory:[/tmp/rdbcomm-tool-test-17613] success.
[2026-08-18 16:19:00]|Info|rdbcomm/rdbcommd-main.c:272 main|140713945294720| TLS/mTLS enabled for rdbcommd
1787041141
connect server failed
[2026-08-18 16:19:01]|Info|rdbcomm/rdbcommd-main.c:254 main|140610121234304| change to working directory:[/tmp/rdbcomm-tool-test-17614] success.
[2026-08-18 16:19:01]|Info|libs/tls_cert.c:478 tls_cert_set_ciphersuites_from_conf|140610121234304| Applied ciphersuites config: TLS_SM4_GCM_SM3
[2026-08-18 16:19:01]|Info|libs/tls_cert.c:536 tls_cert_load_sm2_chain|140610121234304| Loaded SM2 certificate chain: ca=/tmp/t0312-rdbcomm/sm2-certs//sm2_ca.crt cert=/tmp/t0312-rdbcomm/sm2-certs//sm2_host.crt key=/tmp/t0312-rdbcomm/sm2-certs//sm2_host.key
[2026-08-18 16:19:01]|Info|rdbcomm/rdbcommd-main.c:272 main|140610121234304| TLS/mTLS enabled for rdbcommd
1787041141
[2026-08-18 16:19:01]|Info|libs/tls_cert.c:478 tls_cert_set_ciphersuites_from_conf|139767227348864| Applied ciphersuites config: TLS_SM4_GCM_SM3
[2026-08-18 16:19:01]|Info|libs/tls_cert.c:536 tls_cert_load_sm2_chain|139767227348864| Loaded SM2 certificate chain: ca=/tmp/t0312-rdbcomm/sm2-certs//sm2_ca.crt cert=/tmp/t0312-rdbcomm/sm2-certs//sm2_host.crt key=/tmp/t0312-rdbcomm/sm2-certs//sm2_host.key
[2026-08-18 16:19:01]|Info|rdbcomm/rdbcommd-main.c:254 main|140708295354240| change to working directory:[/tmp/rdbcomm-tool-test-17615] success.
[2026-08-18 16:19:01]|Info|rdbcomm/rdbcommd-main.c:272 main|140708295354240| TLS/mTLS enabled for rdbcommd
1787041141
connect server failed
rdbcomm_tool_integration: PASS

report of tests:
[0m[38;2;0;255;0;1m[  2%]:[0m [2mLRUCache_test/default ............. [38;2;0;255;0;1mpassed[0m [1m0.031s[0m
[0m[38;2;0;255;0;1m[  5%]:[0m [2maccess/default .................... [38;2;0;255;0;1mpassed[0m [1m0.032s[0m
[0m[38;2;0;255;0;1m[  8%]:[0m [2mchmod/default ..................... [38;2;0;255;0;1mpassed[0m [1m0.033s[0m
[0m[38;2;0;255;0;1m[ 11%]:[0m [2mchown/default ..................... [38;2;0;255;0;1mpassed[0m [1m0.033s[0m
[0m[38;2;0;255;0;1m[ 13%]:[0m [2mdir_tree/default .................. [38;2;0;255;0;1mpassed[0m [1m0.032s[0m
[0m[38;2;0;255;0;1m[ 16%]:[0m [2mdownload_file_dir/default ......... [38;2;0;255;0;1mpassed[0m [1m0.031s[0m
[0m[38;2;0;255;0;1m[ 19%]:[0m [2mdownload_fileat/default ........... [38;2;0;255;0;1mpassed[0m [1m0.031s[0m
[0m[38;2;0;255;0;1m[ 22%]:[0m [2mdownload_fileats/default .......... [38;2;0;255;0;1mpassed[0m [1m0.031s[0m
[0m[38;2;0;255;0;1m[ 25%]:[0m [2mdownload_file/default ............. [38;2;0;255;0;1mpassed[0m [1m0.038s[0m
[0m[38;2;0;255;0;1m[ 27%]:[0m [2mdownload_link/default ............. [38;2;0;255;0;1mpassed[0m [1m0.032s[0m
[0m[38;2;0;255;0;1m[ 30%]:[0m [2mfchmodats/default ................. [38;2;0;255;0;1mpassed[0m [1m0.030s[0m
[0m[38;2;0;255;0;1m[ 33%]:[0m [2mfchownats/default ................. [38;2;0;255;0;1mpassed[0m [1m0.029s[0m
[0m[38;2;0;255;0;1m[ 36%]:[0m [2mexecute_command/default ........... [38;2;0;255;0;1mpassed[0m [1m0.035s[0m
[0m[38;2;0;255;0;1m[ 38%]:[0m [2mlogger_test/default ............... [38;2;0;255;0;1mpassed[0m [1m0.025s[0m
[0m[38;2;0;255;0;1m[ 41%]:[0m [2mdir_utils_dir_copy_test/default ... [38;2;0;255;0;1mpassed[0m [1m0.050s[0m
[0m[38;2;0;255;0;1m[ 44%]:[0m [2mlstat/default ..................... [38;2;0;255;0;1mpassed[0m [1m0.028s[0m
[0m[38;2;0;255;0;1m[ 47%]:[0m [2mmetadata/default .................. [38;2;0;255;0;1mpassed[0m [1m0.028s[0m
[0m[38;2;0;255;0;1m[ 50%]:[0m [2mlmdb_dict_test/default ............ [38;2;0;255;0;1mpassed[0m [1m0.036s[0m
[0m[38;2;0;255;0;1m[ 52%]:[0m [2mmkdir/default ..................... [38;2;0;255;0;1mpassed[0m [1m0.030s[0m
[0m[38;2;0;255;0;1m[ 55%]:[0m [2mmkdirall/default .................. [38;2;0;255;0;1mpassed[0m [1m0.026s[0m
[0m[38;2;0;255;0;1m[ 58%]:[0m [2mpread/default ..................... [38;2;0;255;0;1mpassed[0m [1m0.024s[0m
[0m[38;2;0;255;0;1m[ 61%]:[0m [2mpwrite/default .................... [38;2;0;255;0;1mpassed[0m [1m0.023s[0m
[0m[38;2;0;255;0;1m[ 63%]:[0m [2mrdb_config_test/default ........... [38;2;0;255;0;1mpassed[0m [1m0.022s[0m
[0m[38;2;0;255;0;1m[ 66%]:[0m [2mmkdir_path_test/default ........... [38;2;0;255;0;1mpassed[0m [1m0.029s[0m
[0m[38;2;0;255;0;1m[ 69%]:[0m [2mreadlink/default .................. [38;2;0;255;0;1mpassed[0m [1m0.015s[0m
[0m[38;2;0;255;0;1m[ 72%]:[0m [2mreaddir/default ................... [38;2;0;255;0;1mpassed[0m [1m0.018s[0m
[0m[38;2;0;255;0;1m[ 75%]:[0m [2mlmdb_sort_test/default ............ [38;2;0;255;0;1mpassed[0m [1m0.038s[0m
[0m[38;2;0;255;0;1m[ 77%]:[0m [2msymlink/default ................... [38;2;0;255;0;1mpassed[0m [1m0.008s[0m
[0m[38;2;0;255;0;1m[ 80%]:[0m [2mreaddir_tree/default .............. [38;2;0;255;0;1mpassed[0m [1m0.018s[0m
[0m[38;2;0;255;0;1m[ 83%]:[0m [2mupload_fileats/default ............ [38;2;0;255;0;1mpassed[0m [1m0.008s[0m
[0m[38;2;0;255;0;1m[ 86%]:[0m [2mrpc_tool_integration/default ...... [38;2;0;255;0;1mpassed[0m [1m0.016s[0m
[0m[38;2;0;255;0;1m[ 88%]:[0m [2mrpc_handshake_test/default ........ [38;2;0;255;0;1mpassed[0m [1m0.054s[0m
[0m[38;2;0;255;0;1m[ 91%]:[0m [2mfs_meta_comprehensive_test/default  [38;2;0;255;0;1mpassed[0m [1m0.165s[0m
[0m[38;2;0;255;0;1m[ 94%]:[0m [2mtls_cert_test/default ............. [38;2;0;255;0;1mpassed[0m [1m0.469s[0m
[0m[38;2;0;255;0;1m[ 97%]:[0m [2mrpc_time_integration/default ...... [38;2;0;255;0;1mpassed[0m [1m0.568s[0m
[0m[38;2;0;255;0;1m[100%]:[0m [2mrdbcomm_tool_integration/default .. [38;2;0;255;0;1mpassed[0m [1m2.560s[0m
[0m
[38;2;0;255;0;1m100%[0m tests passed, [38;2;255;0;0;1m0[0m test(s) failed out of [1m36[0m, spent [1m2.607s[0m
