[0m[38;2;0;255;0;1m[ 36%]:[0m [2m[38;2;255;0;255;1m<tls_cert>[0m cache compiling.debug libs/tls_cert.c[0m
/usr/bin/gcc -c -m64 -g -Wall -Werror -O0 -std=c99 -Ibuild -Ilibs -D_GNU_SOURCE -isystem /home/black/Public/aio/aio-tools/6200/F/139/build/.packages/o/openssl4/4.0.1/a0ad9752864d40bc9c63e8c80dd903ef/include -fPIC -Wno-error=deprecated-declarations -fno-strict-aliasing -o build/.objs/tls_cert/linux/x86_64/debug/libs/tls_cert.c.o libs/tls_cert.c
[0m[38;2;255;255;0;1mlibs/tls_cert.c: In function ‘tls_cert_verify_is_local_x509’:
libs/tls_cert.c:155:9: warning: ‘X509_NAME_get_text_by_NID’ is deprecated: Since OpenSSL 4.0 [-Wdeprecated-declarations]
  155 |         if (X509_NAME_get_text_by_NID(subject, NID_commonName, cert_cn,
      |         ^~
In file included from /home/black/Public/aio/aio-tools/6200/F/139/build/.packages/o/openssl4/4.0.1/a0ad9752864d40bc9c63e8c80dd903ef/include/openssl/ssl.h:34,
                 from libs/tls_cert.h:4,
                 from libs/tls_cert.c:1:
/home/black/Public/aio/aio-tools/6200/F/139/build/.packages/o/openssl4/4.0.1/a0ad9752864d40bc9c63e8c80dd903ef/include/openssl/x509.h:1041:57: note: declared here
 1041 | OSSL_DEPRECATEDIN_4_0 int X509_NAME_get_text_by_NID(const X509_NAME *name,
      |                                                         ^~~~~~~~~~~~~~~~~~       
libs/tls_cert.c: In function ‘tls_cert_select_cert_callback’:
libs/tls_cert.c:215:17: warning: ‘X509_NAME_get_text_by_NID’ is deprecated: Since OpenSSL 4.0 [-Wdeprecated-declarations]
  215 |                 if (X509_NAME_get_text_by_NID(ca_name, NID_commonName, ca_cn,
      |                 ^~
/home/black/Public/aio/aio-tools/6200/F/139/build/.packages/o/openssl4/4.0.1/a0ad9752864d40bc9c63e8c80dd903ef/include/openssl/x509.h:1041:57: note: declared here
 1041 | OSSL_DEPRECATEDIN_4_0 int X509_NAME_get_text_by_NID(const X509_NAME *name,[0m
[0m[38;2;0;255;0;1m[ 70%]:[0m [2m[38;2;255;0;255;1m<tls_cert>[0m [38;2;255;0;255;1marchiving.debug libtls_cert.a[0m
/usr/bin/ar -cr build/linux/x86_64/debug/libtls_cert.a build/.objs/tls_cert/linux/x86_64/debug/libs/tls_cert.c.o
[0m[38;2;0;255;0;1m[ 71%]:[0m [2m[38;2;255;0;255;1m<rpc-net>[0m [38;2;255;0;255;1marchiving.debug librpc-net.a[0m
/usr/bin/ar -cr build/linux/x86_64/debug/librpc-net.a build/.objs/rpc-net/linux/x86_64/debug/libs/rpc-net-protocol.c.o build/.objs/rpc-net/linux/x86_64/debug/libs/rpc-handshake.c.o build/.objs/rpc-net/linux/x86_64/debug/libs/common.c.o build/.objs/rpc-net/linux/x86_64/debug/libs/rpc-net.c.o
[0m[38;2;0;255;0;1m[ 71%]:[0m [2m[38;2;255;0;255;1m<tls_cert_test>[0m [38;2;255;0;255;1mlinking.debug tls_cert_test[0m
/usr/bin/g++ -o build/linux/x86_64/debug/tls_cert_test build/.objs/tls_cert_test/linux/x86_64/debug/libs/tests/tls_cert_test.c.o -m64 -L/home/black/Public/aio/aio-tools/6200/F/139/build/.packages/o/openssl4/4.0.1/a0ad9752864d40bc9c63e8c80dd903ef/lib -Lbuild/linux/x86_64/debug -L/home/black/.xmake/packages/i/inih/60/58bfa2fd0db24b9c8296483d0cf055a3/lib -ltls_cert -lssl -lcrypto -llogger -lrdb-config -linih -ldl -lpthread
[0m[38;2;0;255;0;1m[ 72%]:[0m [2m[38;2;255;0;255;1m<rpc>[0m [38;2;255;0;255;1marchiving.debug librpc.a[0m
/usr/bin/ar -cr build/linux/x86_64/debug/librpc.a build/.objs/rpc/linux/x86_64/debug/rpc/proc-progress.cpp.o build/.objs/rpc/linux/x86_64/debug/rpc/backup-client.cpp.o build/.objs/rpc/linux/x86_64/debug/rpc/restore-client.cpp.o build/.objs/rpc/linux/x86_64/debug/rpc/meta-client.cpp.o build/.objs/rpc/linux/x86_64/debug/rpc/rpc-server.cpp.o build/.objs/rpc/linux/x86_64/debug/rpc/rpc-conn.cpp.o build/.objs/rpc/linux/x86_64/debug/rpc/rpc-config.cpp.o build/.objs/rpc/linux/x86_64/debug/rpc/rpc-client.cpp.o build/.objs/rpc/linux/x86_64/debug/rpc/rpc-io.cpp.o build/.objs/rpc/linux/x86_64/debug/rpc/rpc-protocol.cpp.o build/.objs/rpc/linux/x86_64/debug/rpc/rpc-public.cpp.o build/.objs/rpc/linux/x86_64/debug/rpc/rpc-common.cpp.o build/.objs/rpc/linux/x86_64/debug/rpc/rpc-command.cpp.o build/.objs/rpc/linux/x86_64/debug/rpc/file-stat.cpp.o build/.objs/rpc/linux/x86_64/debug/rpc/rpc.cpp.o build/.objs/rpc/linux/x86_64/debug/rpc/rpc-metadata.c.o build/.objs/rpc/linux/x86_64/debug/rpc/rpc-msg.c.o build/.objs/rpc/linux/x86_64/debug/rpc/utils.c.o
[0m[38;2;0;255;0;1m[ 72%]:[0m [2m[38;2;255;0;255;1m<rdbcomm>[0m [38;2;255;0;255;1mlinking.debug rdbcomm[0m
/usr/bin/g++ -o build/linux/x86_64/debug/rdbcomm build/.objs/rdbcomm/linux/x86_64/debug/rdbcomm/rdbcomm-main.c.o build/.objs/rdbcomm/linux/x86_64/debug/rdbcomm/client.c.o build/.objs/rdbcomm/linux/x86_64/debug/rdbcomm/msg.c.o -m64 -L/home/black/Public/aio/aio-tools/6200/F/139/build/.packages/o/openssl4/4.0.1/a0ad9752864d40bc9c63e8c80dd903ef/lib -Lbuild/linux/x86_64/debug -L/home/black/.xmake/packages/i/inih/60/58bfa2fd0db24b9c8296483d0cf055a3/lib -lrt -lrpc-net -ltls_cert -lssl -lcrypto -ltimed_key -ltools -llmdb -llogger -lrdb-config -linih -ldl -lpthread
[0m[38;2;0;255;0;1m[ 72%]:[0m [2m[38;2;255;0;255;1m<rdbcommd>[0m [38;2;255;0;255;1mlinking.debug rdbcommd[0m
/usr/bin/g++ -o build/linux/x86_64/debug/rdbcommd build/.objs/rdbcommd/linux/x86_64/debug/rdbcomm/rdbcommd-main.c.o build/.objs/rdbcommd/linux/x86_64/debug/rdbcomm/server.c.o build/.objs/rdbcommd/linux/x86_64/debug/rdbcomm/module.c.o build/.objs/rdbcommd/linux/x86_64/debug/rdbcomm/msg.c.o -m64 -L/home/black/Public/aio/aio-tools/6200/F/139/build/.packages/o/openssl4/4.0.1/a0ad9752864d40bc9c63e8c80dd903ef/lib -Lbuild/linux/x86_64/debug -L/home/black/.xmake/packages/i/inih/60/58bfa2fd0db24b9c8296483d0cf055a3/lib -lrpc-net -ltls_cert -lssl -lcrypto -ltimed_key -ltools -llmdb -llogger -lrdb-config -linih -ldl -lpthread
[0m[38;2;0;255;0;1m[ 72%]:[0m [2m[38;2;255;0;255;1m<access>[0m [38;2;255;0;255;1mlinking.debug access[0m
/usr/bin/g++ -o build/linux/x86_64/debug/access build/.objs/access/linux/x86_64/debug/rpc/tests/access.cpp.o -m64 -L/home/black/Public/aio/aio-tools/6200/F/139/build/.packages/o/openssl4/4.0.1/a0ad9752864d40bc9c63e8c80dd903ef/lib -Lbuild/linux/x86_64/debug -L/home/black/.xmake/packages/i/inih/60/58bfa2fd0db24b9c8296483d0cf055a3/lib -lrpc -lbwlimit -lrt -ltools -llmdb -lrpc-net -ltls_cert -lssl -lcrypto -llogger -ltimed_key -lrdb-config -linih -ldl -lpthread
[0m[38;2;0;255;0;1m[ 72%]:[0m [2m[38;2;255;0;255;1m<chmod>[0m [38;2;255;0;255;1mlinking.debug chmod[0m
/usr/bin/g++ -o build/linux/x86_64/debug/chmod build/.objs/chmod/linux/x86_64/debug/rpc/tests/chmod.cpp.o -m64 -L/home/black/Public/aio/aio-tools/6200/F/139/build/.packages/o/openssl4/4.0.1/a0ad9752864d40bc9c63e8c80dd903ef/lib -Lbuild/linux/x86_64/debug -L/home/black/.xmake/packages/i/inih/60/58bfa2fd0db24b9c8296483d0cf055a3/lib -lrpc -lbwlimit -lrt -ltools -llmdb -lrpc-net -ltls_cert -lssl -lcrypto -llogger -ltimed_key -lrdb-config -linih -ldl -lpthread
[0m[38;2;0;255;0;1m[ 72%]:[0m [2m[38;2;255;0;255;1m<chown>[0m [38;2;255;0;255;1mlinking.debug chown[0m
/usr/bin/g++ -o build/linux/x86_64/debug/chown build/.objs/chown/linux/x86_64/debug/rpc/tests/chown.cpp.o -m64 -L/home/black/Public/aio/aio-tools/6200/F/139/build/.packages/o/openssl4/4.0.1/a0ad9752864d40bc9c63e8c80dd903ef/lib -Lbuild/linux/x86_64/debug -L/home/black/.xmake/packages/i/inih/60/58bfa2fd0db24b9c8296483d0cf055a3/lib -lrpc -lbwlimit -lrt -ltools -llmdb -lrpc-net -ltls_cert -lssl -lcrypto -llogger -ltimed_key -lrdb-config -linih -ldl -lpthread
[0m[38;2;0;255;0;1m[ 72%]:[0m [2m[38;2;255;0;255;1m<dir_tree>[0m [38;2;255;0;255;1mlinking.debug dir_tree[0m
/usr/bin/g++ -o build/linux/x86_64/debug/dir_tree build/.objs/dir_tree/linux/x86_64/debug/rpc/tests/dir_tree.cpp.o -m64 -L/home/black/Public/aio/aio-tools/6200/F/139/build/.packages/o/openssl4/4.0.1/a0ad9752864d40bc9c63e8c80dd903ef/lib -Lbuild/linux/x86_64/debug -L/home/black/.xmake/packages/i/inih/60/58bfa2fd0db24b9c8296483d0cf055a3/lib -lrpc -lbwlimit -lrt -ltools -llmdb -lrpc-net -ltls_cert -lssl -lcrypto -llogger -ltimed_key -lrdb-config -linih -ldl -lpthread
[0m[38;2;0;255;0;1m[ 72%]:[0m [2m[38;2;255;0;255;1m<download_file>[0m [38;2;255;0;255;1mlinking.debug download_file[0m
/usr/bin/g++ -o build/linux/x86_64/debug/download_file build/.objs/download_file/linux/x86_64/debug/rpc/tests/download_file.cpp.o -m64 -L/home/black/Public/aio/aio-tools/6200/F/139/build/.packages/o/openssl4/4.0.1/a0ad9752864d40bc9c63e8c80dd903ef/lib -Lbuild/linux/x86_64/debug -L/home/black/.xmake/packages/i/inih/60/58bfa2fd0db24b9c8296483d0cf055a3/lib -lrpc -lbwlimit -lrt -ltools -llmdb -lrpc-net -ltls_cert -lssl -lcrypto -llogger -ltimed_key -lrdb-config -linih -ldl -lpthread
[0m[38;2;0;255;0;1m[ 72%]:[0m [2m[38;2;255;0;255;1m<download_file_dir>[0m [38;2;255;0;255;1mlinking.debug download_file_dir[0m
/usr/bin/g++ -o build/linux/x86_64/debug/download_file_dir build/.objs/download_file_dir/linux/x86_64/debug/rpc/tests/download_file_dir.cpp.o -m64 -L/home/black/Public/aio/aio-tools/6200/F/139/build/.packages/o/openssl4/4.0.1/a0ad9752864d40bc9c63e8c80dd903ef/lib -Lbuild/linux/x86_64/debug -L/home/black/.xmake/packages/i/inih/60/58bfa2fd0db24b9c8296483d0cf055a3/lib -lrpc -lbwlimit -lrt -ltools -llmdb -lrpc-net -ltls_cert -lssl -lcrypto -llogger -ltimed_key -lrdb-config -linih -ldl -lpthread
[0m[38;2;0;255;0;1m[ 72%]:[0m [2m[38;2;255;0;255;1m<download_fileat>[0m [38;2;255;0;255;1mlinking.debug download_fileat[0m
/usr/bin/g++ -o build/linux/x86_64/debug/download_fileat build/.objs/download_fileat/linux/x86_64/debug/rpc/tests/download_fileat.cpp.o -m64 -L/home/black/Public/aio/aio-tools/6200/F/139/build/.packages/o/openssl4/4.0.1/a0ad9752864d40bc9c63e8c80dd903ef/lib -Lbuild/linux/x86_64/debug -L/home/black/.xmake/packages/i/inih/60/58bfa2fd0db24b9c8296483d0cf055a3/lib -lrpc -lbwlimit -lrt -ltools -llmdb -lrpc-net -ltls_cert -lssl -lcrypto -llogger -ltimed_key -lrdb-config -linih -ldl -lpthread
[0m[38;2;0;255;0;1m[ 72%]:[0m [2m[38;2;255;0;255;1m<download_fileats>[0m [38;2;255;0;255;1mlinking.debug download_fileats[0m
/usr/bin/g++ -o build/linux/x86_64/debug/download_fileats build/.objs/download_fileats/linux/x86_64/debug/rpc/tests/download_fileats.cpp.o -m64 -L/home/black/Public/aio/aio-tools/6200/F/139/build/.packages/o/openssl4/4.0.1/a0ad9752864d40bc9c63e8c80dd903ef/lib -Lbuild/linux/x86_64/debug -L/home/black/.xmake/packages/i/inih/60/58bfa2fd0db24b9c8296483d0cf055a3/lib -lrpc -lbwlimit -lrt -ltools -llmdb -lrpc-net -ltls_cert -lssl -lcrypto -llogger -ltimed_key -lrdb-config -linih -ldl -lpthread
[0m[38;2;0;255;0;1m[ 72%]:[0m [2m[38;2;255;0;255;1m<download_link>[0m [38;2;255;0;255;1mlinking.debug download_link[0m
/usr/bin/g++ -o build/linux/x86_64/debug/download_link build/.objs/download_link/linux/x86_64/debug/rpc/tests/download_link.cpp.o -m64 -L/home/black/Public/aio/aio-tools/6200/F/139/build/.packages/o/openssl4/4.0.1/a0ad9752864d40bc9c63e8c80dd903ef/lib -Lbuild/linux/x86_64/debug -L/home/black/.xmake/packages/i/inih/60/58bfa2fd0db24b9c8296483d0cf055a3/lib -lrpc -lbwlimit -lrt -ltools -llmdb -lrpc-net -ltls_cert -lssl -lcrypto -llogger -ltimed_key -lrdb-config -linih -ldl -lpthread
[0m[38;2;0;255;0;1m[ 72%]:[0m [2m[38;2;255;0;255;1m<execute_command>[0m [38;2;255;0;255;1mlinking.debug execute_command[0m
/usr/bin/g++ -o build/linux/x86_64/debug/execute_command build/.objs/execute_command/linux/x86_64/debug/rpc/tests/execute_command.cpp.o -m64 -L/home/black/Public/aio/aio-tools/6200/F/139/build/.packages/o/openssl4/4.0.1/a0ad9752864d40bc9c63e8c80dd903ef/lib -Lbuild/linux/x86_64/debug -L/home/black/.xmake/packages/i/inih/60/58bfa2fd0db24b9c8296483d0cf055a3/lib -lrpc -lbwlimit -lrt -ltools -llmdb -lrpc-net -ltls_cert -lssl -lcrypto -llogger -ltimed_key -lrdb-config -linih -ldl -lpthread
[0m[38;2;0;255;0;1m[ 72%]:[0m [2m[38;2;255;0;255;1m<fchmodats>[0m [38;2;255;0;255;1mlinking.debug fchmodats[0m
/usr/bin/g++ -o build/linux/x86_64/debug/fchmodats build/.objs/fchmodats/linux/x86_64/debug/rpc/tests/fchmodats.cpp.o -m64 -L/home/black/Public/aio/aio-tools/6200/F/139/build/.packages/o/openssl4/4.0.1/a0ad9752864d40bc9c63e8c80dd903ef/lib -Lbuild/linux/x86_64/debug -L/home/black/.xmake/packages/i/inih/60/58bfa2fd0db24b9c8296483d0cf055a3/lib -lrpc -lbwlimit -lrt -ltools -llmdb -lrpc-net -ltls_cert -lssl -lcrypto -llogger -ltimed_key -lrdb-config -linih -ldl -lpthread
[0m[38;2;0;255;0;1m[ 72%]:[0m [2m[38;2;255;0;255;1m<fchownats>[0m [38;2;255;0;255;1mlinking.debug fchownats[0m
/usr/bin/g++ -o build/linux/x86_64/debug/fchownats build/.objs/fchownats/linux/x86_64/debug/rpc/tests/fchownats.cpp.o -m64 -L/home/black/Public/aio/aio-tools/6200/F/139/build/.packages/o/openssl4/4.0.1/a0ad9752864d40bc9c63e8c80dd903ef/lib -Lbuild/linux/x86_64/debug -L/home/black/.xmake/packages/i/inih/60/58bfa2fd0db24b9c8296483d0cf055a3/lib -lrpc -lbwlimit -lrt -ltools -llmdb -lrpc-net -ltls_cert -lssl -lcrypto -llogger -ltimed_key -lrdb-config -linih -ldl -lpthread
[0m[38;2;0;255;0;1m[ 72%]:[0m [2m[38;2;255;0;255;1m<lstat>[0m [38;2;255;0;255;1mlinking.debug lstat[0m
/usr/bin/g++ -o build/linux/x86_64/debug/lstat build/.objs/lstat/linux/x86_64/debug/rpc/tests/lstat.cpp.o -m64 -L/home/black/Public/aio/aio-tools/6200/F/139/build/.packages/o/openssl4/4.0.1/a0ad9752864d40bc9c63e8c80dd903ef/lib -Lbuild/linux/x86_64/debug -L/home/black/.xmake/packages/i/inih/60/58bfa2fd0db24b9c8296483d0cf055a3/lib -lrpc -lbwlimit -lrt -ltools -llmdb -lrpc-net -ltls_cert -lssl -lcrypto -llogger -ltimed_key -lrdb-config -linih -ldl -lpthread
[0m[38;2;0;255;0;1m[ 72%]:[0m [2m[38;2;255;0;255;1m<metadata>[0m [38;2;255;0;255;1mlinking.debug metadata[0m
/usr/bin/g++ -o build/linux/x86_64/debug/metadata build/.objs/metadata/linux/x86_64/debug/rpc/tests/metadata.cpp.o -m64 -L/home/black/Public/aio/aio-tools/6200/F/139/build/.packages/o/openssl4/4.0.1/a0ad9752864d40bc9c63e8c80dd903ef/lib -Lbuild/linux/x86_64/debug -L/home/black/.xmake/packages/i/inih/60/58bfa2fd0db24b9c8296483d0cf055a3/lib -lrpc -lbwlimit -lrt -ltools -llmdb -lrpc-net -ltls_cert -lssl -lcrypto -llogger -ltimed_key -lrdb-config -linih -ldl -lpthread
[0m[38;2;0;255;0;1m[ 73%]:[0m [2m[38;2;255;0;255;1m<mkdir>[0m [38;2;255;0;255;1mlinking.debug mkdir[0m
/usr/bin/g++ -o build/linux/x86_64/debug/mkdir build/.objs/mkdir/linux/x86_64/debug/rpc/tests/mkdir.cpp.o -m64 -L/home/black/Public/aio/aio-tools/6200/F/139/build/.packages/o/openssl4/4.0.1/a0ad9752864d40bc9c63e8c80dd903ef/lib -Lbuild/linux/x86_64/debug -L/home/black/.xmake/packages/i/inih/60/58bfa2fd0db24b9c8296483d0cf055a3/lib -lrpc -lbwlimit -lrt -ltools -llmdb -lrpc-net -ltls_cert -lssl -lcrypto -llogger -ltimed_key -lrdb-config -linih -ldl -lpthread
[0m[38;2;0;255;0;1m[ 73%]:[0m [2m[38;2;255;0;255;1m<mkdirall>[0m [38;2;255;0;255;1mlinking.debug mkdirall[0m
/usr/bin/g++ -o build/linux/x86_64/debug/mkdirall build/.objs/mkdirall/linux/x86_64/debug/rpc/tests/mkdirall.cpp.o -m64 -L/home/black/Public/aio/aio-tools/6200/F/139/build/.packages/o/openssl4/4.0.1/a0ad9752864d40bc9c63e8c80dd903ef/lib -Lbuild/linux/x86_64/debug -L/home/black/.xmake/packages/i/inih/60/58bfa2fd0db24b9c8296483d0cf055a3/lib -lrpc -lbwlimit -lrt -ltools -llmdb -lrpc-net -ltls_cert -lssl -lcrypto -llogger -ltimed_key -lrdb-config -linih -ldl -lpthread
[0m[38;2;0;255;0;1m[ 73%]:[0m [2m[38;2;255;0;255;1m<pread>[0m [38;2;255;0;255;1mlinking.debug pread[0m
/usr/bin/g++ -o build/linux/x86_64/debug/pread build/.objs/pread/linux/x86_64/debug/rpc/tests/pread.cpp.o -m64 -L/home/black/Public/aio/aio-tools/6200/F/139/build/.packages/o/openssl4/4.0.1/a0ad9752864d40bc9c63e8c80dd903ef/lib -Lbuild/linux/x86_64/debug -L/home/black/.xmake/packages/i/inih/60/58bfa2fd0db24b9c8296483d0cf055a3/lib -lrpc -lbwlimit -lrt -ltools -llmdb -lrpc-net -ltls_cert -lssl -lcrypto -llogger -ltimed_key -lrdb-config -linih -ldl -lpthread
[0m[38;2;0;255;0;1m[ 74%]:[0m [2m[38;2;255;0;255;1m<pwrite>[0m [38;2;255;0;255;1mlinking.debug pwrite[0m
/usr/bin/g++ -o build/linux/x86_64/debug/pwrite build/.objs/pwrite/linux/x86_64/debug/rpc/tests/pwrite.cpp.o -m64 -L/home/black/Public/aio/aio-tools/6200/F/139/build/.packages/o/openssl4/4.0.1/a0ad9752864d40bc9c63e8c80dd903ef/lib -Lbuild/linux/x86_64/debug -L/home/black/.xmake/packages/i/inih/60/58bfa2fd0db24b9c8296483d0cf055a3/lib -lrpc -lbwlimit -lrt -ltools -llmdb -lrpc-net -ltls_cert -lssl -lcrypto -llogger -ltimed_key -lrdb-config -linih -ldl -lpthread
[0m[38;2;0;255;0;1m[ 74%]:[0m [2m[38;2;255;0;255;1m<readdir>[0m [38;2;255;0;255;1mlinking.debug readdir[0m
/usr/bin/g++ -o build/linux/x86_64/debug/readdir build/.objs/readdir/linux/x86_64/debug/rpc/tests/readdir.cpp.o -m64 -L/home/black/Public/aio/aio-tools/6200/F/139/build/.packages/o/openssl4/4.0.1/a0ad9752864d40bc9c63e8c80dd903ef/lib -Lbuild/linux/x86_64/debug -L/home/black/.xmake/packages/i/inih/60/58bfa2fd0db24b9c8296483d0cf055a3/lib -lrpc -lbwlimit -lrt -ltools -llmdb -lrpc-net -ltls_cert -lssl -lcrypto -llogger -ltimed_key -lrdb-config -linih -ldl -lpthread
[0m[38;2;0;255;0;1m[ 75%]:[0m [2m[38;2;255;0;255;1m<readdir_tree>[0m [38;2;255;0;255;1mlinking.debug readdir_tree[0m
/usr/bin/g++ -o build/linux/x86_64/debug/readdir_tree build/.objs/readdir_tree/linux/x86_64/debug/rpc/tests/readdir_tree.cpp.o -m64 -L/home/black/Public/aio/aio-tools/6200/F/139/build/.packages/o/openssl4/4.0.1/a0ad9752864d40bc9c63e8c80dd903ef/lib -Lbuild/linux/x86_64/debug -L/home/black/.xmake/packages/i/inih/60/58bfa2fd0db24b9c8296483d0cf055a3/lib -lrpc -lbwlimit -lrt -ltools -llmdb -lrpc-net -ltls_cert -lssl -lcrypto -llogger -ltimed_key -lrdb-config -linih -ldl -lpthread
[0m[38;2;0;255;0;1m[ 75%]:[0m [2m[38;2;255;0;255;1m<readlink>[0m [38;2;255;0;255;1mlinking.debug readlink[0m
/usr/bin/g++ -o build/linux/x86_64/debug/readlink build/.objs/readlink/linux/x86_64/debug/rpc/tests/readlink.cpp.o -m64 -L/home/black/Public/aio/aio-tools/6200/F/139/build/.packages/o/openssl4/4.0.1/a0ad9752864d40bc9c63e8c80dd903ef/lib -Lbuild/linux/x86_64/debug -L/home/black/.xmake/packages/i/inih/60/58bfa2fd0db24b9c8296483d0cf055a3/lib -lrpc -lbwlimit -lrt -ltools -llmdb -lrpc-net -ltls_cert -lssl -lcrypto -llogger -ltimed_key -lrdb-config -linih -ldl -lpthread
[0m[38;2;0;255;0;1m[ 75%]:[0m [2m[38;2;255;0;255;1m<rpc_time_integration>[0m [38;2;255;0;255;1mlinking.debug rpc_time_integration[0m
/usr/bin/g++ -o build/linux/x86_64/debug/rpc_time_integration build/.objs/rpc_time_integration/linux/x86_64/debug/rpc/tests/time_integration.cpp.o -m64 -L/home/black/Public/aio/aio-tools/6200/F/139/build/.packages/o/openssl4/4.0.1/a0ad9752864d40bc9c63e8c80dd903ef/lib -Lbuild/linux/x86_64/debug -L/home/black/.xmake/packages/i/inih/60/58bfa2fd0db24b9c8296483d0cf055a3/lib -lrpc -lbwlimit -lrt -ltools -llmdb -lrpc-net -ltls_cert -lssl -lcrypto -llogger -ltimed_key -lrdb-config -linih -ldl -lpthread
[0m[38;2;0;255;0;1m[ 76%]:[0m [2m[38;2;255;0;255;1m<rpc_tool_integration>[0m [38;2;255;0;255;1mlinking.debug rpc_tool_integration[0m
/usr/bin/g++ -o build/linux/x86_64/debug/rpc_tool_integration build/.objs/rpc_tool_integration/linux/x86_64/debug/rpc/tests/tool_integration.cpp.o -m64 -L/home/black/Public/aio/aio-tools/6200/F/139/build/.packages/o/openssl4/4.0.1/a0ad9752864d40bc9c63e8c80dd903ef/lib -Lbuild/linux/x86_64/debug -L/home/black/.xmake/packages/i/inih/60/58bfa2fd0db24b9c8296483d0cf055a3/lib -lrpc -lbwlimit -lrt -ltools -llmdb -lrpc-net -ltls_cert -lssl -lcrypto -llogger -ltimed_key -lrdb-config -linih -ldl -lpthread
[0m[38;2;0;255;0;1m[ 76%]:[0m [2m[38;2;255;0;255;1m<symlink>[0m [38;2;255;0;255;1mlinking.debug symlink[0m
/usr/bin/g++ -o build/linux/x86_64/debug/symlink build/.objs/symlink/linux/x86_64/debug/rpc/tests/symlink.cpp.o -m64 -L/home/black/Public/aio/aio-tools/6200/F/139/build/.packages/o/openssl4/4.0.1/a0ad9752864d40bc9c63e8c80dd903ef/lib -Lbuild/linux/x86_64/debug -L/home/black/.xmake/packages/i/inih/60/58bfa2fd0db24b9c8296483d0cf055a3/lib -lrpc -lbwlimit -lrt -ltools -llmdb -lrpc-net -ltls_cert -lssl -lcrypto -llogger -ltimed_key -lrdb-config -linih -ldl -lpthread
[0m[38;2;0;255;0;1m[ 76%]:[0m [2m[38;2;255;0;255;1m<upload_fileats>[0m [38;2;255;0;255;1mlinking.debug upload_fileats[0m
/usr/bin/g++ -o build/linux/x86_64/debug/upload_fileats build/.objs/upload_fileats/linux/x86_64/debug/rpc/tests/upload_fileats.cpp.o -m64 -L/home/black/Public/aio/aio-tools/6200/F/139/build/.packages/o/openssl4/4.0.1/a0ad9752864d40bc9c63e8c80dd903ef/lib -Lbuild/linux/x86_64/debug -L/home/black/.xmake/packages/i/inih/60/58bfa2fd0db24b9c8296483d0cf055a3/lib -lrpc -lbwlimit -lrt -ltools -llmdb -lrpc-net -ltls_cert -lssl -lcrypto -llogger -ltimed_key -lrdb-config -linih -ldl -lpthread
[0m[38;2;0;255;0;1m[ 81%]:[0m [2m[38;2;255;0;255;1m<rdbcomm_tool_integration>[0m [38;2;255;0;255;1mlinking.debug rdbcomm_tool_integration[0m
/usr/bin/g++ -o build/linux/x86_64/debug/rdbcomm_tool_integration build/.objs/rdbcomm_tool_integration/linux/x86_64/debug/rdbcomm/tests/tool_integration.c.o -m64 -L/home/black/Public/aio/aio-tools/6200/F/139/build/.packages/o/openssl4/4.0.1/a0ad9752864d40bc9c63e8c80dd903ef/lib -Lbuild/linux/x86_64/debug -L/home/black/.xmake/packages/i/inih/60/58bfa2fd0db24b9c8296483d0cf055a3/lib -lrpc-net -ltls_cert -lssl -lcrypto -ltimed_key -ltools -llmdb -llogger -lrdb-config -linih -ldl -lpthread
running tests ...
[0m[38;2;0;255;0;1m[  0%]:[0m [2mrunning.test LRUCache_test/default[0m
[0m[38;2;0;255;0;1m[  0%]:[0m [2mrunning.test access/default[0m
[0m[38;2;0;255;0;1m[  0%]:[0m [2mrunning.test chmod/default[0m
[0m[38;2;0;255;0;1m[  0%]:[0m [2mrunning.test chown/default[0m
[0m[38;2;0;255;0;1m[  0%]:[0m [2mrunning.test dir_tree/default[0m
[2026-08-18 15:29:53]|Info|rpc/rpc-server.cpp:4206 rpc_conn_srv_chmod|140473972811456| chmod /tmp/tmp1/cv_debug:511 success.
[0m[38;2;0;255;0;1m[  0%]:[0m [2mrunning.test dir_utils_dir_copy_test/default[0m
[2026-08-18 15:29:53]|Info|rpc/rpc-server.cpp:4254 rpc_conn_srv_chown|140331628619456| chmod /tmp/tmp1/cv_debug:1000 success.
[0m[38;2;0;255;0;1m[  0%]:[0m [2mrunning.test download_file/default[0m
[0m[38;2;0;255;0;1m[  0%]:[0m [2mrunning.test download_file_dir/default[0m
/tmp/rpc_dir_tree_test/file1.txt
/tmp/rpc_dir_tree_test/sub1/file2.txt
[0m[38;2;0;255;0;1m[  0%]:[0m [2mrunning.test download_fileat/default[0m
[0m[38;2;0;255;0;1m[  0%]:[0m [2mrunning.test download_fileats/default[0m
[0m[38;2;0;255;0;1m[  0%]:[0m [2mrunning.test download_link/default[0m
[0m[38;2;0;255;0;1m[  0%]:[0m [2mrunning.test execute_command/default[0m
[2026-08-18 15:29:53]|Info|rpc/rpc-server.cpp:3726 rpc_conn_srv_download_fileats|139744835004096| openat test1.txt success.
[2026-08-18 15:29:53]|Info|rpc/rpc-server.cpp:3755 rpc_conn_srv_download_fileats|139744835004096| read test1.txt success.
[2026-08-18 15:29:53]|Info|rpc/rpc-server.cpp:3726 rpc_conn_srv_download_fileats|139744835004096| openat test2.txt success.
[2026-08-18 15:29:53]|Info|rpc/rpc-server.cpp:3755 rpc_conn_srv_download_fileats|139744835004096| read test2.txt success.
[2026-08-18 15:29:53]|Info|rpc/rpc.cpp:2815 rpc_conn_cli_download_fileats|139744843396800| download_fileat /tmp/download_fileats_wqc8Ao/src/:test1.txt success.
[2026-08-18 15:29:53]|Info|rpc/rpc-server.cpp:1015 rpc_scp_download|139958725637824| begin download file [/tmp/test_scp_download_file_src]
[2026-08-18 15:29:53]|Info|rpc/rpc.cpp:2815 rpc_conn_cli_download_fileats|139744843396800| download_fileat /tmp/download_fileats_wqc8Ao/src/:test2.txt success.
[2026-08-18 15:29:53]|Info|rpc/rpc-server.cpp:1199 rpc_scp_download|139958725637824| download file [/tmp/test_scp_download_file_src] complete success, send_bytes: 30, f_size: 30
[2026-08-18 15:29:53]|Info|rpc/rpc-command.cpp:236 do_scp_download|139958717245120| scp download [/tmp/test_scp_download_file_dst from /tmp/test_scp_download_file_src], status completed success, elapse 1 s, f_size 30 bytes, recv 30 bytes, 0.00 M/s
[0m[38;2;0;255;0;1m[  0%]:[0m [2mrunning.test fchmodats/default[0m
[0m[38;2;0;255;0;1m[  0%]:[0m [2mrunning.test fchownats/default[0m
test [download_file_exists] PASSED
[2026-08-18 15:29:53]|Info|rpc/rpc-server.cpp:1015 rpc_scp_download|139958717245120| begin download file [/nonexistent/remote]
[2026-08-18 15:29:53]|Warning|rpc/rpc-server.cpp:1034 rpc_scp_download|139958717245120| local_file: [/nonexistent/remote] not existed, errno:2)
[2026-08-18 15:29:53]|Warning|rpc/rpc-server.cpp:1050 rpc_scp_download|139958717245120| local_file: [/nonexistent/remote] not existed.
[2026-08-18 15:29:53]|Info|rpc/rpc-server.cpp:1199 rpc_scp_download|139958717245120| download file [/nonexistent/remote] complete success, send_bytes: 0, f_size: 0
[2026-08-18 15:29:53]|Info|rpc/rpc-command.cpp:236 do_scp_download|139958725637824| scp download [/tmp/test_scp_download_file_dst2 from /nonexistent/remote], status completed success, elapse 1 s, f_size 0 bytes, recv 0 bytes, 0.00 M/s
[0m[38;2;0;255;0;1m[  0%]:[0m [2mrunning.test fs_meta_comprehensive_test/default[0m
[2026-08-18 15:29:53]|Info|rpc/rpc-command.cpp:461 do_scp_download_link|140270026876608| scp download link [/tmp/test_scp_download_link_src -> /tmp/test_scp_download_link_out] success
[2026-08-18 15:29:53]|Info|rpc/rpc-server.cpp:3635 rpc_conn_srv_fchmodats|140369756939968| fchownat test_chmod.txt:508 success.
[2026-08-18 15:29:53]|Info|rpc/rpc-server.cpp:3635 rpc_conn_srv_fchmodats|140369756939968| fchownat test_chmod2.txt:493 success.
[2026-08-18 15:29:53]|Info|rpc/rpc-server.cpp:730 execute_cmd|139850458064576| execute:[cmd_len:35, command:echo 'execute_shell_script_test_ok']
[2026-08-18 15:29:53]|Info|rpc/rpc-server.cpp:888 my_popen|139850458064576| cmd echo 'execute_shell_script_test_ok' pipe[0]:9, pipe[1]:10
[0m[38;2;0;255;0;1m[  0%]:[0m [2mrunning.test lmdb_dict_test/default[0m
test [download_not_exist_api_stat_0] PASSED
[2026-08-18 15:29:53]|Info|rpc/rpc-server.cpp:1015 rpc_scp_download|139958725637824| begin download file [/nonexistent/remote]
[2026-08-18 15:29:53]|Warning|rpc/rpc-server.cpp:1034 rpc_scp_download|139958725637824| local_file: [/nonexistent/remote] not existed, errno:2)
[2026-08-18 15:29:53]|Error|rpc/rpc-server.cpp:1055 rpc_scp_download|139958725637824| local_file: [/nonexistent/remote] not existed.
[2026-08-18 15:29:53]|Error|rpc/rpc-command.cpp:139 do_scp_download|139958717245120| download /nonexistent/remote failure
test [download_not_exist_api_stat_1] PASSED
[2026-08-18 15:29:53]|Info|rpc/rpc-server.cpp:744 execute_cmd|139850458064576| generate subprocess: 716437
[0m[38;2;0;255;0;1m[  0%]:[0m [2mrunning.test lmdb_sort_test/default[0m
[2026-08-18 15:29:53]|Info|rpc/rpc-server.cpp:3547 rpc_conn_srv_fchownats|140492274656960| fchownat test_chown.txt:1000:1000 success.
[2026-08-18 15:29:53]|Info|rpc/rpc-server.cpp:3547 rpc_conn_srv_fchownats|140492274656960| fchownat test_chown2.txt:1000:1000 success.
[0m[38;2;0;255;0;1m[  0%]:[0m [2mrunning.test logger_test/default[0m
[2026-08-18 15:29:53]|Warning|rpc/rpc-server.cpp:805 execute_cmd|139850458064576| execute_shell_script_test_ok

execute_shell_script_test_ok
========================================
       FsMeta Test Suite
========================================

=== TEST: TYPE_UPDATE - Fragmented ===
[2026-08-18 15:29:53]|Info|fs-backup/public/fs_meta.cpp:118 DeleteFsMeta|397075456| delete /tmp/fs_meta_test_06
[2026-08-18 15:29:53]|Info|rpc/rpc-server.cpp:826 execute_cmd|139850458064576| [echo 'execute_shell_script_test_ok'] completed, return value:0
execute_shell_script test PASSED
[0m[38;2;0;255;0;1m[  2%]:[0m [2mrunning.test lstat/default[0m
[0m[38;2;0;255;0;1m[  5%]:[0m [2mrunning.test metadata/default[0m
Running logger tests...
Tests passed: 11, failed: 0
[0m[38;2;0;255;0;1m[  8%]:[0m [2mrunning.test mkdir/default[0m
PASS

=== TEST: TYPE_UPDATE - 1M File Overwrite at 500K ===
[2026-08-18 15:29:53]|Info|fs-backup/public/fs_meta.cpp:118 DeleteFsMeta|397075456| delete /tmp/fs_meta_test_27
/proc/self/exe: size=0, mode=120777, atime=1787038193, mtime=1787038193, ctime=139679260349505
[0m[38;2;0;255;0;1m[ 11%]:[0m [2mrunning.test mkdir_path_test/default[0m
[0m[38;2;0;255;0;1m[ 13%]:[0m [2mrunning.test mkdirall/default[0m
开始测试目录复制功能...
测试目录: /tmp/aio/rpc/rpc_test
目标目录: /tmp/aio/rpc/copy_test
返回值: 0
[2026-08-18 15:29:53]|Info|rpc/rpc-server.cpp:3472 rpc_conn_srv_mkdir|140167694247616| mkdir /tmp/tmp1/cv_debug:511 success.
[0m[38;2;0;255;0;1m[ 16%]:[0m [2mrunning.test pread/default[0m
=== 手动事务示例 ===
批量写入完成，共100条记录
批量读取完成，找到 100/100 条记录

=== 游标遍历示例 ===
正向遍历:
  Key: cursor_key_0, Value: cursor_value_0
  Key: cursor_key_1, Value: cursor_value_1
  Key: cursor_key_2, Value: cursor_value_2
  Key: cursor_key_3, Value: cursor_value_3
  Key: cursor_key_4, Value: cursor_value_4
[0m[38;2;0;255;0;1m[ 19%]:[0m [2mrunning.test pwrite/default[0m
PASS

=== TEST: TYPE_NEW - Small File (Full Download) ===
[2026-08-18 15:29:53]|Info|fs-backup/public/fs_meta.cpp:118 DeleteFsMeta|397075456| delete /tmp/fs_meta_test_01
[2026-08-18 15:29:53]|Info|rpc/rpc-server.cpp:4160 rpc_conn_srv_mkdirall|140695151044288| mkdirall /tmp/tmp1/cv_debug:0 success.
[0m[38;2;0;255;0;1m[ 22%]:[0m [2mrunning.test rdb_config_test/default[0m
[0m[38;2;0;255;0;1m[ 25%]:[0m [2mrunning.test rdbcomm_tool_integration/default[0m
do_remote_pread success
[0m[38;2;0;255;0;1m[ 27%]:[0m [2mrunning.test readdir/default[0m
do_remote_pwrite success
=== rdb-config test ===

Running parse_and_get_int... PASSED
Running config_get_int_default... PASSED
Running config_get_string... PASSED
Running config_get_string_null_for_missing... PASSED
Running config_get_string_global_fallback... PASSED
Running config_set_string... PASSED
Running config_section_count_and_entry... PASSED
Running parse_nonexistent_file... PASSED
Running init_config_from_env... PASSED
Running parse_config_twice... PASSED
Running config_get_int_trailing_spaces... PASSED

=== 11 passed, 0 failed ===
PASS

=== TEST: TYPE_NEW - Write Zero ===
[2026-08-18 15:29:53]|Info|fs-backup/public/fs_meta.cpp:118 DeleteFsMeta|397075456| delete /tmp/fs_meta_test_02
[0m[38;2;0;255;0;1m[ 30%]:[0m [2mrunning.test readdir_tree/default[0m
[0m[38;2;0;255;0;1m[ 33%]:[0m [2mrunning.test readlink/default[0m
[0m[38;2;0;255;0;1m[ 36%]:[0m [2mrunning.test rpc_handshake_test/default[0m
PASS

=== TEST: TYPE_UPDATE - Basic ===
[2026-08-18 15:29:53]|Info|fs-backup/public/fs_meta.cpp:118 DeleteFsMeta|397075456| delete /tmp/fs_meta_test_03
[0m[38;2;0;255;0;1m[ 38%]:[0m [2mrunning.test rpc_time_integration/default[0m
pread_test_dst.bin: size=29, mode=100644, atime=1787038193, mtime=1787038193, ctime=140720406661063
rpc_metadata_test_n3RYyh: size=80, mode=40700, atime=1787038193, mtime=1787038193, ctime=140720406661063
fchownats_test_OuAQIC: size=80, mode=40700, atime=1787038193, mtime=1787038193, ctime=140720406661063
fchmodats_test_EGMHmp: size=80, mode=40700, atime=1787038193, mtime=1787038193, ctime=140720406661063
download_fileats_wqc8Ao: size=80, mode=40700, atime=1787038193, mtime=1787038193, ctime=140720406661063
upload_fileats_O9mZS1: size=80, mode=40700, atime=1787038148, mtime=1787038148, ctime=140720406661063
t0312-rdbcomm: size=40, mode=40755, atime=1787038193, mtime=1787038193, ctime=140720406661063
rpc_metadata_test_lncmLO: size=80, mode=40700, atime=1787038148, mtime=1787038148, ctime=140720406661063
fchownats_test_Kw5OMl: size=80, mode=40700, atime=1787038148, mtime=1787038148, ctime=140720406661063
fchmodats_test_2e9QUI: size=80, mode=40700, atime=1787038148, mtime=1787038148, ctime=140720406661063
download_fileats_tfMWuI: size=80, mode=40700, atime=1787038148, mtime=1787038148, ctime=140720406661063
t0313-full-final.log: size=30339, mode=100644, atime=1787038151, mtime=1787038193, ctime=140720406661063
t0313-rdb-final.log: size=5286, mode=100644, atime=1787038136, mtime=1787038136, ctime=140720406661063
upload_fileats_Um5HiN: size=80, mode=40700, atime=1787038113, mtime=1787038113, ctime=140720406661063
rpc_metadata_test_vQp0Mu: size=80, mode=40700, atime=1787038113, mtime=1787038113, ctime=140720406661063
fchownats_test_57cGOy: size=80, mode=40700, atime=1787038113, mtime=1787038113, ctime=140720406661063
fchmodats_test_OaQh3z: size=80, mode=40700, atime=1787038113, mtime=1787038113, ctime=140720406661063
download_fileats_Lw0iD8: size=80, mode=40700, atime=1787038113, mtime=1787038113, ctime=140720406661063
t0313-full-test.log: size=113847, mode=100644, atime=1787038116, mtime=1787038116, ctime=140720406661063
t0313-sm2.log: size=6372, mode=100644, atime=1787038065, mtime=1787038065, ctime=140720406661063
t0313-build.log: size=2235, mode=100644, atime=1787038007, mtime=1787038034, ctime=140720406661063
t0313-sm2-red.log: size=4749, mode=100644, atime=1787037846, mtime=1787037842, ctime=140720406661063
upload_fileats_4LTRkx: size=80, mode=40700, atime=1787037946, mtime=1787037116, ctime=140720406661063
rpc_metadata_test_xAkZNi: size=80, mode=40700, atime=1787037946, mtime=1787037116, ctime=140720406661063
fchownats_test_3OZxBn: size=80, mode=40700, atime=1787037946, mtime=1787037116, ctime=140720406661063
fchmodats_test_dmhtU4: size=80, mode=40700, atime=1787037946, mtime=1787037116, ctime=140720406661063
download_fileats_qzKrX7: size=80, mode=40700, atime=1787037946, mtime=1787037116, ctime=140720406661063
upload_fileats_zz4g26: size=80, mode=40700, atime=1787037946, mtime=1787036970, ctime=140720406661063
rpc_metadata_test_0xUyTD: size=80, mode=40700, atime=1787037946, mtime=1787036970, ctime=140720406661063
fchownats_test_tt2fLd: size=80, mode=40700, atime=1787037946, mtime=1787036970, ctime=140720406661063
fchmodats_test_8GUWNO: size=80, mode=40700, atime=1787037946, mtime=1787036970, ctime=140720406661063
download_fileats_Of2xDN: size=80, mode=40700, atime=1787037946, mtime=1787036970, ctime=140720406661063
t0312-evidence: size=100, mode=40755, atime=1787037946, mtime=1787036972, ctime=140720406661063
rdbcomm-tool-test-17615: size=60, mode=40755, atime=1787037946, mtime=1787036886, ctime=140720406661063
rdbcomm-tool-test-17614: size=60, mode=40755, atime=1787037946, mtime=1787036745, ctime=140720406661063
upload_fileats_LxERR2: size=80, mode=40700, atime=1787037946, mtime=1787036637, ctime=140720406661063
rpc_metadata_test_UZjHmz: size=80, mode=40700, atime=1787037946, mtime=1787036637, ctime=140720406661063
fchownats_test_Cesesz: size=80, mode=40700, atime=1787037946, mtime=1787036637, ctime=140720406661063
fchmodats_test_VMvXcY: size=80, mode=40700, atime=1787037946, mtime=1787036637, ctime=140720406661063
download_fileats_5QFjok: size=80, mode=40700, atime=1787037946, mtime=1787036637, ctime=140720406661063
rdbcomm-tool-test-17613: size=60, mode=40755, atime=1787037946, mtime=1787036539, ctime=140720406661063
rdbcomm-tool-test-17612: size=60, mode=40755, atime=1787037946, mtime=1787036496, ctime=140720406661063
t0312-rpc-time: size=80, mode=40755, atime=1787037946, mtime=1787038148, ctime=140720406661063
t0312-rpc: size=100, mode=40755, atime=1787037946, mtime=1787036075, ctime=140720406661063
t0312-rdb: size=80, mode=40755, atime=1787037946, mtime=1787036067, ctime=140720406661063
xmake-full.log: size=5900, mode=100644, atime=1787035680, mtime=1787035680, ctime=140720406661063
cc0SoQUs.s: size=449818, mode=100600, atime=1787035633, mtime=1787035635, ctime=140720406661063
ccZVIdrD.s: size=17, mode=100600, atime=1787035633, mtime=1787035635, ctime=140720406661063
ccn0PL68.s: size=17, mode=100600, atime=1787035632, mtime=1787035634, ctime=140720406661063
ccNm58q3.s: size=449849, mode=100600, atime=1787035632, mtime=1787035634, ctime=140720406661063
cc9pTUPV.s: size=449818, mode=100600, atime=1787035628, mtime=1787035630, ctime=140720406661063
ccxQ4ngA.s: size=17, mode=100600, atime=1787035628, mtime=1787035630, ctime=140720406661063
ccmzJPsm.s: size=449849, mode=100600, atime=1787035626, mtime=1787035629, ctime=140720406661063
cck9gNIs.s: size=17, mode=100600, atime=1787035626, mtime=1787035629, ctime=140720406661063
cc61QaGj.s: size=12031575, mode=100600, atime=1787035554, mtime=1787035560, ctime=140720406661063
ccgeuXHl.s: size=0, mode=100600, atime=1787035514, mtime=1787035514, ctime=140720406661063
ccl4U2IV.s: size=0, mode=100600, atime=1787035514, mtime=1787035514, ctime=140720406661063
ccsg5ERk.s: size=0, mode=100600, atime=1787035514, mtime=1787035514, ctime=140720406661063
cc0Mu10F.s: size=27, mode=100600, atime=1787035513, mtime=1787035515, ctime=140720406661063
ccQaynR5.s: size=0, mode=100600, atime=1787035512, mtime=1787035512, ctime=140720406661063
ccWxdJYs.s: size=0, mode=100600, atime=1787035512, mtime=1787035512, ctime=140720406661063
cc7VjE2U.s: size=0, mode=100600, atime=1787035512, mtime=1787035512, ctime=140720406661063
ccr4Ld0H.s: size=0, mode=100600, atime=1787035512, mtime=1787035512, ctime=140720406661063
cc5oH2Oj.s: size=0, mode=100600, atime=1787035512, mtime=1787035512, ctime=140720406661063
ccA3BJrL.s: size=1596361, mode=100600, atime=1787035492, mtime=1787035495, ctime=140720406661063
cchNbtJI.s: size=12024429, mode=100600, atime=1787035492, mtime=1787035499, ctime=140720406661063
ccUrFHfe.s: size=6430088, mode=100600, atime=1787035492, mtime=1787035496, ctime=140720406661063
cc8uY8ss.s: size=27, mode=100600, atime=1787035491, mtime=1787035492, ctime=140720406661063
ccL4EiQ3.s: size=1596439, mode=100600, atime=1787035490, mtime=1787035494, ctime=140720406661063
ccplbbD9.s: size=27, mode=100600, atime=1787035490, mtime=1787035495, ctime=140720406661063
cchIWrYB.s: size=12029378, mode=100600, atime=1787035490, mtime=1787035498, ctime=140720406661063
cc7NJd0w.s: size=6435114, mode=100600, atime=1787035490, mtime=1787035496, ctime=140720406661063
ccageCQW.s: size=449849, mode=100600, atime=1787035490, mtime=1787035493, ctime=140720406661063
ccgYTjhf.s: size=0, mode=100600, atime=1787035396, mtime=1787035396, ctime=140720406661063
ccMaRWID.s: size=27, mode=100600, atime=1787035396, mtime=1787035400, ctime=140720406661063
ccju30XJ.s: size=449818, mode=100600, atime=1787035396, mtime=1787035399, ctime=140720406661063
ccHRTECg.s: size=6430088, mode=100600, atime=1787035396, mtime=1787035401, ctime=140720406661063
cclpqSAh.s: size=27, mode=100600, atime=1787035395, mtime=1787035397, ctime=140720406661063
ccyGOfEb.s: size=1596439, mode=100600, atime=1787035394, mtime=1787035398, ctime=140720406661063
ccU5Hnuw.s: size=12029378, mode=100600, atime=1787035394, mtime=1787035403, ctime=140720406661063
ccI1vpSy.s: size=27, mode=100600, atime=1787035394, mtime=1787035399, ctime=140720406661063
cch6ruht.s: size=449849, mode=100600, atime=1787035394, mtime=1787035398, ctime=140720406661063
ccnfnMdq.s: size=6435114, mode=100600, atime=1787035394, mtime=1787035400, ctime=140720406661063
rpc-tool-test.out: size=6677, mode=100644, atime=1787035345, mtime=1787035345, ctime=140720406661063
rdbmanual4: size=80, mode=40755, atime=1787037946, mtime=1787035156, ctime=140720406661063
rdbmanual3: size=60, mode=40755, atime=1787037946, mtime=1787035146, ctime=140720406661063
rdbmanual2: size=80, mode=40755, atime=1787037946, mtime=1787035117, ctime=140720406661063
rdbcomm-tool-test-17611: size=60, mode=40755, atime=1787037946, mtime=1787035031, ctime=140720406661063
cc72xfXO.s: size=1596361, mode=100600, atime=1787035019, mtime=1787035023, ctime=140720406661063
cctcxNUy.s: size=6430088, mode=100600, atime=1787035019, mtime=1787035025, ctime=140720406661063
cc206L9g.s: size=449818, mode=100600, atime=1787035019, mtime=1787035023, ctime=140720406661063
ccmcnAnz.res: size=0, mode=100600, atime=1787035019, mtime=1787035019, ctime=140720406661063
ccqLA8zi.s: size=27, mode=100600, atime=1787035019, mtime=1787035020, ctime=140720406661063
ccdVrYMw.s: size=12029378, mode=100600, atime=1787035017, mtime=1787035026, ctime=140720406661063
cc9RBnz2.s: size=27, mode=100600, atime=1787035017, mtime=1787035023, ctime=140720406661063
ccsDomqC.s: size=1596439, mode=100600, atime=1787035017, mtime=1787035022, ctime=140720406661063
ccHLlr4g.s: size=6435114, mode=100600, atime=1787035017, mtime=1787035023, ctime=140720406661063
ccUidUIJ.s: size=449849, mode=100600, atime=1787035017, mtime=1787035021, ctime=140720406661063
rdbtest: size=60, mode=40755, atime=1787037946, mtime=1787035013, ctime=140720406661063
rdbcomm-tool-test-17610: size=60, mode=40755, atime=1787037946, mtime=1787035000, ctime=140720406661063
ccikpev3.cdtor.o: size=0, mode=100600, atime=1787034825, mtime=1787034825, ctime=140720406661063
cck7qMUW.cdtor.c: size=0, mode=100600, atime=1787034825, mtime=1787034825, ctime=140720406661063
ccNs5xTM.s: size=0, mode=100600, atime=1787034825, mtime=1787034825, ctime=140720406661063
ccVTpV2b.res: size=0, mode=100600, atime=1787034825, mtime=1787034825, ctime=140720406661063
cce1P346.cdtor.o: size=0, mode=100600, atime=1787034825, mtime=1787034825, ctime=140720406661063
ccUGt5Pu.cdtor.c: size=0, mode=100600, atime=1787034825, mtime=1787034825, ctime=140720406661063
ccZsx6Co.res: size=0, mode=100600, atime=1787034825, mtime=1787034825, ctime=140720406661063
ccgQjfUC.s: size=0, mode=100600, atime=1787034657, mtime=1787034657, ctime=140720406661063
ccTYNTmr.s: size=688128, mode=100600, atime=1787034655, mtime=1787034657, ctime=140720406661063
ccJoS2Gf.s: size=1363968, mode=100600, atime=1787034653, mtime=1787034657, ctime=140720406661063
ccmSKcp1.s: size=1581056, mode=100600, atime=1787034653, mtime=1787034657, ctime=140720406661063
ccro3mSp.s: size=3448406, mode=100600, atime=1787034657, mtime=1787034656, ctime=140720406661063
cc7Py2oB.s: size=4648288, mode=100600, atime=1787034657, mtime=1787034656, ctime=140720406661063
ccfnyog7.s: size=0, mode=100600, atime=1787034497, mtime=1787034497, ctime=140720406661063
cc3ZxZml.s: size=0, mode=100600, atime=1787034497, mtime=1787034497, ctime=140720406661063
ccLAKhcJ.s: size=0, mode=100600, atime=1787034497, mtime=1787034497, ctime=140720406661063
ccJeJpRS.s: size=0, mode=100600, atime=1787034496, mtime=1787034496, ctime=140720406661063
cca4G8Xr.s: size=0, mode=100600, atime=1787034496, mtime=1787034496, ctime=140720406661063
ccBkZDDX.s: size=24, mode=100600, atime=1787034496, mtime=1787034497, ctime=140720406661063
ccaoqrp3.s: size=385024, mode=100600, atime=1787034496, mtime=1787034497, ctime=140720406661063
ccTO5LsD.s: size=1855424, mode=100600, atime=1787034495, mtime=1787034497, ctime=140720406661063
rpc_daemon.pid: size=6, mode=100640, atime=1787033370, mtime=1787033370, ctime=140720406661063
.bcddd5fffc8ffb7f-00000001.so: size=5576816, mode=100644, atime=1787032947, mtime=1787032947, ctime=140720406661063
.9adfd8fff7eaedff-00000000.so: size=13745312, mode=100644, atime=1787032944, mtime=1787032944, ctime=140720406661063
upload_fileats_8gR1nf: size=80, mode=40700, atime=1787037946, mtime=1787032765, ctime=140720406661063
rpc_metadata_test_tuyn2Y: size=80, mode=40700, atime=1787037946, mtime=1787032765, ctime=140720406661063
fchownats_test_gbSxRB: size=80, mode=40700, atime=1787037946, mtime=1787032765, ctime=140720406661063
fchmodats_test_9EzJpd: size=80, mode=40700, atime=1787037946, mtime=1787032765, ctime=140720406661063
download_fileats_sB8wmD: size=80, mode=40700, atime=1787037946, mtime=1787032765, ctime=140720406661063
ccvqfdQa.s: size=29, mode=100600, atime=1787032665, mtime=1787032665, ctime=140720406661063
upload_fileats_mOHdXm: size=80, mode=40700, atime=1787037946, mtime=1787032604, ctime=140720406661063
rpc_metadata_test_1gQdjE: size=80, mode=40700, atime=1787037946, mtime=1787032604, ctime=140720406661063
fchownats_test_5cOe47: size=80, mode=40700, atime=1787037946, mtime=1787032604, ctime=140720406661063
fchmodats_test_YxYpYq: size=80, mode=40700, atime=1787037946, mtime=1787032604, ctime=140720406661063
download_fileats_nH6MDl: size=80, mode=40700, atime=1787037946, mtime=1787032604, ctime=140720406661063
upload_fileats_PCeNsE: size=80, mode=40700, atime=1787037946, mtime=1787032600, ctime=140720406661063
rpc_metadata_test_xKaHAN: size=80, mode=40700, atime=1787037946, mtime=1787032600, ctime=140720406661063
fchownats_test_EwMO1T: size=80, mode=40700, atime=1787037946, mtime=1787032600, ctime=140720406661063
fchmodats_test_cpqi5j: size=80, mode=40700, atime=1787037946, mtime=1787032600, ctime=140720406661063
download_fileats_fmZkFw: size=80, mode=40700, atime=1787037946, mtime=1787032600, ctime=140720406661063
preamble-7d1b52.pch: size=8184436, mode=100644, atime=1787032533, mtime=1787032533, ctime=140720406661063
preamble-3f6fd9.pch: size=5024504, mode=100644, atime=1787032531, mtime=1787032531, ctime=140720406661063
preamble-79200e.pch: size=5222536, mode=100644, atime=1787032520, mtime=1787032520, ctime=140720406661063
preamble-a77fd5.pch: size=633608, mode=100644, atime=1787032352, mtime=1787032352, ctime=140720406661063
preamble-f398d7.pch: size=4697436, mode=100644, atime=1787032296, mtime=1787032296, ctime=140720406661063
aio-missing-debug.sr2KUK: size=100, mode=40700, atime=1787037946, mtime=1787032059, ctime=140720406661063
aio-missing-run.EHBnXu: size=160, mode=40700, atime=1787037946, mtime=1787032016, ctime=140720406661063
aio-missing-run.ojiFhl: size=160, mode=40700, atime=1787037946, mtime=1787031960, ctime=140720406661063
aio-force-run.gX7YBj: size=160, mode=40700, atime=1787037946, mtime=1787031942, ctime=140720406661063
aio-errors-run.eUikWH: size=160, mode=40700, atime=1787037946, mtime=1787031924, ctime=140720406661063
aio-errors-run.SKHFtj: size=160, mode=40700, atime=1787037946, mtime=1787031907, ctime=140720406661063
preamble-dabf1e.pch: size=4769200, mode=100644, atime=1787031858, mtime=1787031858, ctime=140720406661063
preamble-4b3d87.pch: size=2785924, mode=100644, atime=1787031727, mtime=1787031727, ctime=140720406661063
aio-plain-run.8kNj4W: size=160, mode=40700, atime=1787037946, mtime=1787031721, ctime=140720406661063
preamble-ccff77.pch: size=4702532, mode=100644, atime=1787031718, mtime=1787031718, ctime=140720406661063
preamble-e142da.pch: size=4643980, mode=100644, atime=1787031710, mtime=1787031710, ctime=140720406661063
aio-mtls-run.GiENb3: size=160, mode=40700, atime=1787037946, mtime=1787031701, ctime=140720406661063
preamble-572b5f.pch: size=4703656, mode=100644, atime=1787031666, mtime=1787031666, ctime=140720406661063
aio-rdb-mtls-debug.gTE4aH: size=100, mode=40700, atime=1787037946, mtime=1787031663, ctime=140720406661063
aio-rdb-mtls-debug.KoN2qr: size=100, mode=40700, atime=1787037946, mtime=1787031647, ctime=140720406661063
aio-mtls-run.APbUja: size=160, mode=40700, atime=1787037946, mtime=1787031630, ctime=140720406661063
preamble-5a6edf.pch: size=8258652, mode=100644, atime=1787031616, mtime=1787031616, ctime=140720406661063
aio-mtls-run.1XuRdV: size=160, mode=40700, atime=1787037946, mtime=1787031608, ctime=140720406661063
aio-real-run.jWzo4Q: size=160, mode=40700, atime=1787037946, mtime=1787031585, ctime=140720406661063
aio-real-run.PUZbuC: size=160, mode=40700, atime=1787037946, mtime=1787031567, ctime=140720406661063
aio-real-run.27PCkv: size=160, mode=40700, atime=1787037946, mtime=1787031527, ctime=140720406661063
aio-real-run.kdYHfJ: size=140, mode=40700, atime=1787037946, mtime=1787031491, ctime=140720406661063
aio-real-run.VyJqgm: size=140, mode=40700, atime=1787037946, mtime=1787031469, ctime=140720406661063
aio-mtls-real-current: size=26, mode=100644, atime=1787032059, mtime=1787031435, ctime=140720406661063
aio-mtls-real.92Orrw: size=120, mode=40700, atime=1787037946, mtime=1787031435, ctime=140720406661063
cctKCFOi.s: size=5116902, mode=100600, atime=1787027682, mtime=1787027685, ctime=140720406661063
ccV5PSQ0.s: size=3448406, mode=100600, atime=1787027682, mtime=1787027684, ctime=140720406661063
ccXDcTF4.s: size=4647799, mode=100600, atime=1787027682, mtime=1787027684, ctime=140720406661063
t0302-build.log: size=1247, mode=100644, atime=1787026988, mtime=1787026988, ctime=140720406661063
ccWVGqhN.s: size=547304, mode=100600, atime=1787026815, mtime=1787026816, ctime=140720406661063
ccnUGvtd.s: size=1499351, mode=100600, atime=1787026815, mtime=1787026817, ctime=140720406661063
ccWdO7MQ.s: size=1443743, mode=100600, atime=1787026815, mtime=1787026817, ctime=140720406661063
ccuKQdRD.s: size=1290996, mode=100600, atime=1787026815, mtime=1787026817, ctime=140720406661063
ccUUUJar.s: size=4645835, mode=100600, atime=1787026815, mtime=1787026817, ctime=140720406661063
ccXq62TY.s: size=1851825, mode=100600, atime=1787026815, mtime=1787026817, ctime=140720406661063
cc3CSYn0.s: size=940915, mode=100600, atime=1787026815, mtime=1787026816, ctime=140720406661063
ccqLImPN.s: size=18, mode=100600, atime=1787026815, mtime=1787026816, ctime=140720406661063
ccGdPtTb.s: size=1403837, mode=100600, atime=1787026815, mtime=1787026817, ctime=140720406661063
ccDR1Ufa.s: size=547785, mode=100600, atime=1787026815, mtime=1787026816, ctime=140720406661063
ccxYv426.s: size=1502788, mode=100600, atime=1787026815, mtime=1787026817, ctime=140720406661063
ccV68LZ9.s: size=1291189, mode=100600, atime=1787026815, mtime=1787026816, ctime=140720406661063
cc5vxwh3.s: size=1447645, mode=100600, atime=1787026815, mtime=1787026816, ctime=140720406661063
ccmjjku1.res: size=0, mode=100600, atime=1787026815, mtime=1787026815, ctime=140720406661063
ccTHutIi.s: size=0, mode=100600, atime=1787026807, mtime=1787026807, ctime=140720406661063
cc3DpK7u.s: size=0, mode=100600, atime=1787026807, mtime=1787026807, ctime=140720406661063
ccpyT7ex.s: size=0, mode=100600, atime=1787026807, mtime=1787026807, ctime=140720406661063
cctFOJVH.s: size=0, mode=100600, atime=1787026807, mtime=1787026807, ctime=140720406661063
ccsJX6Gx.s: size=0, mode=100600, atime=1787026807, mtime=1787026807, ctime=140720406661063
ccx9akr9.s: size=0, mode=100600, atime=1787026807, mtime=1787026807, ctime=140720406661063
ccPrhtWP.s: size=0, mode=100600, atime=1787026807, mtime=1787026807, ctime=140720406661063
ccAysYVa.s: size=0, mode=100600, atime=1787026807, mtime=1787026807, ctime=140720406661063
ccoNZZnF.s: size=0, mode=100600, atime=1787026807, mtime=1787026807, ctime=140720406661063
ccxZCcs5.s: size=0, mode=100600, atime=1787026807, mtime=1787026807, ctime=140720406661063
ccL9Y9u3.s: size=0, mode=100600, atime=1787026807, mtime=1787026807, ctime=140720406661063
ccDonktr.s: size=0, mode=100600, atime=1787026807, mtime=1787026807, ctime=140720406661063
cctFZ42Z.s: size=0, mode=100600, atime=1787026807, mtime=1787026807, ctime=140720406661063
ccLZv5NZ.s: size=0, mode=100600, atime=1787026807, mtime=1787026807, ctime=140720406661063
cciAE0tq.s: size=15, mode=100600, atime=1787026807, mtime=1787026807, ctime=140720406661063
ccwXI2It.s: size=0, mode=100600, atime=1787026807, mtime=1787026807, ctime=140720406661063
ccblgw4B.s: size=0, mode=100600, atime=1787026807, mtime=1787026807, ctime=140720406661063
ccjYAsxm.s: size=116774, mode=100600, atime=1787026807, mtime=1787026808, ctime=140720406661063
ccOVImpC.s: size=1443743, mode=100600, atime=1787026386, mtime=1787026387, ctime=140720406661063
cczzKCYn.s: size=17, mode=100600, atime=1787026386, mtime=1787026386, ctime=140720406661063
cc37wJhY.s: size=24, mode=100600, atime=1787026386, mtime=1787026386, ctime=140720406661063
ccRe0LUH.s: size=25, mode=100600, atime=1787026385, mtime=1787026386, ctime=140720406661063
ccILR4fV.s: size=24, mode=100600, atime=1787026385, mtime=1787026386, ctime=140720406661063
ccwiXxwp.s: size=1502788, mode=100600, atime=1787026385, mtime=1787026386, ctime=140720406661063
ccEJF9q0.s: size=1447645, mode=100600, atime=1787026386, mtime=1787026386, ctime=140720406661063
ccLPnbZz.s: size=1499351, mode=100600, atime=1787026374, mtime=1787026376, ctime=140720406661063
ccZIuAmd.s: size=24, mode=100600, atime=1787026374, mtime=1787026376, ctime=140720406661063
cc8TOUKI.s: size=25, mode=100600, atime=1787026374, mtime=1787026376, ctime=140720406661063
cc3hIWoB.s: size=17, mode=100600, atime=1787026374, mtime=1787026376, ctime=140720406661063
ccFyDcWs.s: size=24, mode=100600, atime=1787026374, mtime=1787026376, ctime=140720406661063
ccFb0f2B.s: size=1443743, mode=100600, atime=1787026374, mtime=1787026376, ctime=140720406661063
ccWRQI6R.s: size=24, mode=100600, atime=1787026374, mtime=1787026376, ctime=140720406661063
ccoW7HaB.s: size=17, mode=100600, atime=1787026374, mtime=1787026375, ctime=140720406661063
cci6QSw6.s: size=25, mode=100600, atime=1787026374, mtime=1787026375, ctime=140720406661063
ccJD2Nvd.s: size=24, mode=100600, atime=1787026374, mtime=1787026375, ctime=140720406661063
ccHaSrJ7.s: size=22, mode=100600, atime=1787026374, mtime=1787026375, ctime=140720406661063
ccXvkzGc.s: size=1502788, mode=100600, atime=1787026374, mtime=1787026376, ctime=140720406661063
ccRY8dzg.s: size=1447645, mode=100600, atime=1787026374, mtime=1787026376, ctime=140720406661063
ccvrBlb9.s: size=5113266, mode=100600, atime=1787026324, mtime=1787026329, ctime=140720406661063
ccsyhFQn.s: size=1849861, mode=100600, atime=1787026323, mtime=1787026327, ctime=140720406661063
cc4AQkbx.s: size=940915, mode=100600, atime=1787026323, mtime=1787026325, ctime=140720406661063
ccaooibk.s: size=4645835, mode=100600, atime=1787026323, mtime=1787026328, ctime=140720406661063
ccWTbVWq.s: size=1402295, mode=100600, atime=1787026323, mtime=1787026326, ctime=140720406661063
ccA2yOod.s: size=1291189, mode=100600, atime=1787026323, mtime=1787026325, ctime=140720406661063
cc17jTvh.s: size=1500818, mode=100600, atime=1787026323, mtime=1787026326, ctime=140720406661063
ccnLDnWh.s: size=1445428, mode=100600, atime=1787026323, mtime=1787026325, ctime=140720406661063
ccOg6vak.s: size=872498, mode=100600, atime=1787026324, mtime=1787026324, ctime=140720406661063
ccmWBhHK.s: size=3444794, mode=100600, atime=1787026323, mtime=1787026328, ctime=140720406661063
ccif24Wb.s: size=0, mode=100600, atime=1787023792, mtime=1787023792, ctime=140720406661063
cclV94px.s: size=0, mode=100600, atime=1787023792, mtime=1787023792, ctime=140720406661063
cco8ICIS.s: size=23488, mode=100600, atime=1787023792, mtime=1787023792, ctime=140720406661063
cckDX7ts.s: size=65998, mode=100600, atime=1787023792, mtime=1787023792, ctime=140720406661063
cc8eOAk2.s: size=0, mode=100600, atime=1787023792, mtime=1787023792, ctime=140720406661063
ccidJVXG.s: size=0, mode=100600, atime=1787023792, mtime=1787023792, ctime=140720406661063
ccnDMxec.s: size=0, mode=100600, atime=1787023792, mtime=1787023792, ctime=140720406661063
ccNZ2JPm.s: size=0, mode=100600, atime=1787023792, mtime=1787023792, ctime=140720406661063
ccBRnkoR.s: size=0, mode=100600, atime=1787023792, mtime=1787023792, ctime=140720406661063
ccYwdKdn.s: size=0, mode=100600, atime=1787023792, mtime=1787023792, ctime=140720406661063
ccOH4c6e.s: size=0, mode=100600, atime=1787023792, mtime=1787023792, ctime=140720406661063
ccV6sZ1I.s: size=0, mode=100600, atime=1787023792, mtime=1787023792, ctime=140720406661063
cc2g5T7W.s: size=0, mode=100600, atime=1787023792, mtime=1787023792, ctime=140720406661063
ccYeGTCl.s: size=0, mode=100600, atime=1787023792, mtime=1787023792, ctime=140720406661063
ccEYgA2r.s: size=0, mode=100600, atime=1787023792, mtime=1787023792, ctime=140720406661063
cciadQ0l.s: size=0, mode=100600, atime=1787023792, mtime=1787023792, ctime=140720406661063
ccb3dhrm.s: size=0, mode=100600, atime=1787023792, mtime=1787023792, ctime=140720406661063
ccQynQ0R.s: size=0, mode=100600, atime=1787023792, mtime=1787023792, ctime=140720406661063
ccHtOiWC.s: size=0, mode=100600, atime=1787023791, mtime=1787023791, ctime=140720406661063
ccPpW4hG.s: size=18, mode=100600, atime=1787023791, mtime=1787023792, ctime=140720406661063
cc2HmDur.s: size=65953, mode=100600, atime=1787023791, mtime=1787023792, ctime=140720406661063
ccwUoS8g.s: size=0, mode=100600, atime=1787023791, mtime=1787023791, ctime=140720406661063
ccTRT3ox.s: size=0, mode=100600, atime=1787023791, mtime=1787023791, ctime=140720406661063
ccSFxBP3.s: size=0, mode=100600, atime=1787023791, mtime=1787023791, ctime=140720406661063
ccRb7Qh7.s: size=65536, mode=100600, atime=1787023791, mtime=1787023792, ctime=140720406661063
ccQQRFoM.s: size=0, mode=100600, atime=1787023791, mtime=1787023791, ctime=140720406661063
ccOhgd2t.s: size=20480, mode=100600, atime=1787023791, mtime=1787023792, ctime=140720406661063
ccYPZNLo.s: size=0, mode=100600, atime=1787023791, mtime=1787023791, ctime=140720406661063
cc3sYD3n.s: size=0, mode=100600, atime=1787023791, mtime=1787023791, ctime=140720406661063
cckK9r9n.s: size=132841, mode=100600, atime=1787023791, mtime=1787023792, ctime=140720406661063
ccDdSNKa.s: size=0, mode=100600, atime=1787023791, mtime=1787023791, ctime=140720406661063
cc78UV93.s: size=1402496, mode=100600, atime=1787023565, mtime=1787023566, ctime=140720406661063
ccpQRV5k.s: size=1409922, mode=100600, atime=1787023565, mtime=1787023566, ctime=140720406661063
ccemPys6.s: size=30, mode=100600, atime=1787023564, mtime=1787023565, ctime=140720406661063
cc0zimJO.s: size=206875, mode=100600, atime=1787023369, mtime=1787023370, ctime=140720406661063
ccDfXZER.s: size=165015, mode=100600, atime=1787023369, mtime=1787023370, ctime=140720406661063
ccvV6x0d.s: size=1848488, mode=100600, atime=1787023369, mtime=1787023372, ctime=140720406661063
ccb0Jt51.s: size=946109, mode=100600, atime=1787023369, mtime=1787023371, ctime=140720406661063
ccV1WhpS.s: size=1300931, mode=100600, atime=1787023369, mtime=1787023371, ctime=140720406661063
ccqcXieF.s: size=1410118, mode=100600, atime=1787023369, mtime=1787023371, ctime=140720406661063
ccgP6TZV.s: size=872498, mode=100600, atime=1787023369, mtime=1787023370, ctime=140720406661063
ccjT5Hq7.s: size=554304, mode=100600, atime=1787023285, mtime=1787023286, ctime=140720406661063
ccLrjWSh.s: size=4649613, mode=100600, atime=1787023285, mtime=1787023287, ctime=140720406661063
ccX9VouU.s: size=5116802, mode=100600, atime=1787023284, mtime=1787023288, ctime=140720406661063
ccP3rTbm.s: size=284316, mode=100600, atime=1787023198, mtime=1787023207, ctime=140720406661063
ccQ1RXnv.s: size=30941, mode=100600, atime=1787023198, mtime=1787023201, ctime=140720406661063
ccnUHMcK.s: size=225488, mode=100600, atime=1787023198, mtime=1787023208, ctime=140720406661063
ccERby0x.s: size=255036, mode=100600, atime=1787023198, mtime=1787023207, ctime=140720406661063
ccsEkA37.s: size=248048, mode=100600, atime=1787023198, mtime=1787023208, ctime=140720406661063
ccKKaZO9.s: size=441586, mode=100600, atime=1787023198, mtime=1787023209, ctime=140720406661063
ccgiz7vu.s: size=30941, mode=100600, atime=1787023198, mtime=1787023203, ctime=140720406661063
ccgZ3QWt.s: size=26735, mode=100600, atime=1787023198, mtime=1787023201, ctime=140720406661063
cclDqBwX.s: size=97102, mode=100600, atime=1787023198, mtime=1787023204, ctime=140720406661063
ccZC1VKN.s: size=97102, mode=100600, atime=1787023198, mtime=1787023204, ctime=140720406661063
ccQKtP0A.s: size=81357, mode=100600, atime=1787023198, mtime=1787023202, ctime=140720406661063
ccLD5Lp5.s: size=24, mode=100600, atime=1787023198, mtime=1787023203, ctime=140720406661063
ccXIffUW.s: size=441586, mode=100600, atime=1787023197, mtime=1787023209, ctime=140720406661063
ccUb6vQB.s: size=27, mode=100600, atime=1787023197, mtime=1787023198, ctime=140720406661063
cczL4klT.s: size=20, mode=100600, atime=1787023197, mtime=1787023199, ctime=140720406661063
cc5TamUv.s: size=248048, mode=100600, atime=1787023197, mtime=1787023207, ctime=140[0m[38;2;0;255;0;1m[ 41%]:[0m [2mrunning.test rpc_tool_integration/default[0m
720406661063
cclzgX4f.s: size=81357, mode=100600, atime=1787023197, mtime=1787023202, ctime=140720406661063
ccXzk16T.s: size=284316, mode=100600, atime=1787023197, mtime=1787023205, ctime=140720406661063
ccKgXIuM.s: size=690720, mode=100600, atime=1787023197, mtime=1787023210, ctime=140720406661063
cchurEgo.s: size=26735, mode=100600, atime=1787023197, mtime=1787023201, ctime=140720406661063
cctdOZh9.s: size=30941, mode=100600, atime=1787023197, mtime=1787023200, ctime=140720406661063
ccZPwxWH.s: size=97102, mode=100600, atime=1787023197, mtime=1787023202, ctime=140720406661063
ccJQK1vk.s: size=97102, mode=100600, atime=1787023197, mtime=1787023202, ctime=140720406661063
ccFOdWsP.s: size=81357, mode=100600, atime=1787023197, mtime=1787023202, ctime=140720406661063
ccRZk6Ff.s: size=225488, mode=100600, atime=1787023197, mtime=1787023206, ctime=140720406661063
cc3NgIQv.s: size=30941, mode=100600, atime=1787023197, mtime=1787023200, ctime=140720406661063
ccjuChpd.s: size=255036, mode=100600, atime=1787023197, mtime=1787023206, ctime=140720406661063
ccEByvVT.s: size=248048, mode=100600, atime=1787023196, mtime=1787023207, ctime=140720406661063
ccXJFjq0.s: size=24, mode=100600, atime=1787023196, mtime=1787023198, ctime=140720406661063
.bcddc7ffbc9dfebf-00000001.so: size=5576816, mode=100644, atime=1787022941, mtime=1787022941, ctime=140720406661063
.9adfcffdeffdff87-00000000.so: size=13745312, mode=100644, atime=1787022936, mtime=1787022936, ctime=140720406661063
com.microsoft.Edge.QwCG4s: size=80, mode=40700, atime=1787037946, mtime=1787021367, ctime=140720406661063
pyright-516314-pd6YbL1lmDgX: size=40, mode=40700, atime=1787037946, mtime=1787021133, ctime=140720406661063
pdca-task-identity-0e73a54cf0ba2a78f24936698bf7dd779208d391ff9365e8cd89af4a61658101.lock: size=0, mode=100600, atime=1787020390, mtime=1787020390, ctime=140720406661063
upload_fileats_wpQs1O: size=80, mode=40700, atime=1787037946, mtime=1787019549, ctime=140720406661063
rpc_metadata_test_Idoc91: size=80, mode=40700, atime=1787037946, mtime=1787019549, ctime=140720406661063
fchownats_test_DRhe9O: size=80, mode=40700, atime=1787037946, mtime=1787019549, ctime=140720406661063
fchmodats_test_CAXrNk: size=80, mode=40700, atime=1787037946, mtime=1787019549, ctime=140720406661063
download_fileats_I5Z7zs: size=80, mode=40700, atime=1787037946, mtime=1787019549, ctime=140720406661063
upload_fileats_sRAsWm: size=80, mode=40700, atime=1787037946, mtime=1787019392, ctime=140720406661063
rpc_metadata_test_hw3DdM: size=80, mode=40700, atime=1787037946, mtime=1787019392, ctime=140720406661063
fchownats_test_5sAnKc: size=80, mode=40700, atime=1787037946, mtime=1787019392, ctime=140720406661063
fchmodats_test_cSCgrm: size=80, mode=40700, atime=1787037946, mtime=1787019392, ctime=140720406661063
download_fileats_hMrJgH: size=80, mode=40700, atime=1787037946, mtime=1787019392, ctime=140720406661063
ccpXWSob.s: size=690720, mode=100600, atime=1787019308, mtime=1787019314, ctime=140720406661063
cc2RC0IJ.s: size=690720, mode=100600, atime=1787019176, mtime=1787019183, ctime=140720406661063
cczbu470.s: size=690720, mode=100600, atime=1787019173, mtime=1787019181, ctime=140720406661063
ccv7LkGN.s: size=322135, mode=100600, atime=1787019173, mtime=1787019176, ctime=140720406661063
ccAtT8Jc.s: size=690720, mode=100600, atime=1787019143, mtime=1787019151, ctime=140720406661063
ccYqkbop.s: size=97102, mode=100600, atime=1787019143, mtime=1787019145, ctime=140720406661063
ccZAklVt.s: size=17, mode=100600, atime=1787019142, mtime=1787019144, ctime=140720406661063
cccsASuq.s: size=690720, mode=100600, atime=1787019141, mtime=1787019149, ctime=140720406661063
cckcXYcl.s: size=81357, mode=100600, atime=1787019141, mtime=1787019143, ctime=140720406661063
cct94gK1.s: size=322135, mode=100600, atime=1787019141, mtime=1787019145, ctime=140720406661063
cchXak0j.s: size=97102, mode=100600, atime=1787019140, mtime=1787019143, ctime=140720406661063
upload_fileats_7ACURQ: size=80, mode=40700, atime=1787037946, mtime=1787018220, ctime=140720406661063
rpc_metadata_test_lAPzdF: size=80, mode=40700, atime=1787037946, mtime=1787018220, ctime=140720406661063
fchownats_test_7fFkHt: size=80, mode=40700, atime=1787037946, mtime=1787018220, ctime=140720406661063
fchmodats_test_2qwceu: size=80, mode=40700, atime=1787037946, mtime=1787018220, ctime=140720406661063
download_fileats_WI01LV: size=80, mode=40700, atime=1787037946, mtime=1787018220, ctime=140720406661063
upload_fileats_6dvfIy: size=80, mode=40700, atime=1787037946, mtime=1787018170, ctime=140720406661063
rpc_metadata_test_4JTLlr: size=80, mode=40700, atime=1787037946, mtime=1787018170, ctime=140720406661063
fchownats_test_xhuBld: size=80, mode=40700, atime=1787037946, mtime=1787018170, ctime=140720406661063
fchmodats_test_EcUGk1: size=80, mode=40700, atime=1787037946, mtime=1787018170, ctime=140720406661063
download_fileats_WrodNV: size=80, mode=40700, atime=1787037946, mtime=1787018170, ctime=140720406661063
ccnFQKpQ.s: size=48656, mode=100600, atime=1787018134, mtime=1787018136, ctime=140720406661063
cc8sQaDA.res: size=0, mode=100600, atime=1787018134, mtime=1787018134, ctime=140720406661063
ccHmnKcZ.res: size=0, mode=100600, atime=1787018134, mtime=1787018134, ctime=140720406661063
ccYYHbNF.res: size=0, mode=100600, atime=1787018134, mtime=1787018134, ctime=140720406661063
cckPdsip.res: size=0, mode=100600, atime=1787018134, mtime=1787018134, ctime=140720406661063
ccuaE1qd.res: size=0, mode=100600, atime=1787018134, mtime=1787018134, ctime=140720406661063
ccJSWPjp.res: size=0, mode=100600, atime=1787018134, mtime=1787018134, ctime=140720406661063
cceI2ni4.res: size=0, mode=100600, atime=1787018134, mtime=1787018134, ctime=140720406661063
ccCk8w8F.res: size=0, mode=100600, atime=1787018074, mtime=1787018074, ctime=140720406661063
ccf68W2J.res: size=0, mode=100600, atime=1787018073, mtime=1787018073, ctime=140720406661063
cckPNFux.res: size=0, mode=100600, atime=1787018073, mtime=1787018073, ctime=140720406661063
ccPyGIMZ.res: size=0, mode=100600, atime=1787018073, mtime=1787018073, ctime=140720406661063
ccEEa0ML.res: size=0, mode=100600, atime=1787018073, mtime=1787018073, ctime=140720406661063
ccLjUjqs.s: size=30, mode=100600, atime=1787018073, mtime=1787018074, ctime=140720406661063
ccdSunxU.res: size=0, mode=100600, atime=1787018073, mtime=1787018073, ctime=140720406661063
ccGVA4Uw.res: size=0, mode=100600, atime=1787018072, mtime=1787018072, ctime=140720406661063
ccpE7XMc.res: size=0, mode=100600, atime=1787018072, mtime=1787018072, ctime=140720406661063
ccHQnzbj.res: size=0, mode=100600, atime=1787018072, mtime=1787018072, ctime=140720406661063
ccOywi70.res: size=0, mode=100600, atime=1787018072, mtime=1787018072, ctime=140720406661063
cctPhdk4.res: size=0, mode=100600, atime=1787018072, mtime=1787018072, ctime=140720406661063
cc6jtOSD.res: size=0, mode=100600, atime=1787018072, mtime=1787018072, ctime=140720406661063
ccXgWy9k.res: size=0, mode=100600, atime=1787018072, mtime=1787018072, ctime=140720406661063
ccIevulh.res: size=0, mode=100600, atime=1787018072, mtime=1787018072, ctime=140720406661063
.bcddc77ef7a5b7bc-00000001.so: size=5576816, mode=100644, atime=1787017987, mtime=1787017987, ctime=140720406661063
.9adfcbfbf3eeed97-00000000.so: size=13745312, mode=100644, atime=1787017983, mtime=1787017983, ctime=140720406661063
msg_bin2.strace: size=1340, mode=100644, atime=1787017610, mtime=1787017610, ctime=140720406661063
msg_bin.strace: size=1340, mode=100644, atime=1787017599, mtime=1787017599, ctime=140720406661063
msg_test.strace: size=101932, mode=100644, atime=1787017584, mtime=1787017584, ctime=140720406661063
ccUbvxTb.s: size=75450, mode=100600, atime=1787017414, mtime=1787017415, ctime=140720406661063
ccnzCKVj.s: size=9775, mode=100600, atime=1787017414, mtime=1787017414, ctime=140720406661063
ccicMEOU.s: size=75450, mode=100600, atime=1787017414, mtime=1787017415, ctime=140720406661063
ccph1VCf.s: size=25423, mode=100600, atime=1787017414, mtime=1787017415, ctime=140720406661063
ccLaq6h1.s: size=78353, mode=100600, atime=1787017414, mtime=1787017415, ctime=140720406661063
upload_fileats_nzhQFv: size=80, mode=40700, atime=1787037946, mtime=1786961811, ctime=140720406661063
rpc_metadata_test_6sM51d: size=80, mode=40700, atime=1787037946, mtime=1786961811, ctime=140720406661063
fchownats_test_lzGm76: size=80, mode=40700, atime=1787037946, mtime=1786961811, ctime=140720406661063
fchmodats_test_xwd1qX: size=80, mode=40700, atime=1787037946, mtime=1786961811, ctime=140720406661063
download_fileats_u7h3zf: size=80, mode=40700, atime=1787037946, mtime=1786961811, ctime=140720406661063
upload_fileats_xGrWIl: size=80, mode=40700, atime=1787037946, mtime=1786959748, ctime=140720406661063
rpc_metadata_test_C2Qx6H: size=80, mode=40700, atime=1787037946, mtime=1786959748, ctime=140720406661063
fchownats_test_yBKnFt: size=80, mode=40700, atime=1787037946, mtime=1786959748, ctime=140720406661063
fchmodats_test_ecSrue: size=80, mode=40700, atime=1787037946, mtime=1786959748, ctime=140720406661063
download_fileats_PuM38j: size=80, mode=40700, atime=1787037946, mtime=1786959748, ctime=140720406661063
.bcddcddff79ff73c-00000001.so: size=5576816, mode=100644, atime=1786959128, mtime=1786959128, ctime=140720406661063
.9adfcdfbe3e9efa7-00000000.so: size=13745312, mode=100644, atime=1786959123, mtime=1786959123, ctime=140720406661063
upload_fileats_jDRMzu: size=80, mode=40700, atime=1787037946, mtime=1786958727, ctime=140720406661063
rpc_metadata_test_pfdLjh: size=80, mode=40700, atime=1787037946, mtime=1786958727, ctime=140720406661063
fchownats_test_nvxelJ: size=80, mode=40700, atime=1787037946, mtime=1786958727, ctime=140720406661063
fchmodats_test_JU70YN: size=80, mode=40700, atime=1787037946, mtime=1786958727, ctime=140720406661063
download_fileats_z89N9C: size=80, mode=40700, atime=1787037946, mtime=1786958727, ctime=140720406661063
.bcddcd5ebdddf73e-00000001.so: size=5576816, mode=100644, atime=1786958536, mtime=1786958536, ctime=140720406661063
.9adfcdf9eee4ef8f-00000000.so: size=13745312, mode=100644, atime=1786958531, mtime=1786958531, ctime=140720406661063
upload_fileats_bWuHBo: size=80, mode=40700, atime=1787037946, mtime=1786958405, ctime=140720406661063
rpc_metadata_test_rwlBSi: size=80, mode=40700, atime=1787037946, mtime=1786958405, ctime=140720406661063
fchownats_test_FlJHrE: size=80, mode=40700, atime=1787037946, mtime=1786958405, ctime=140720406661063
fchmodats_test_5luWyj: size=80, mode=40700, atime=1787037946, mtime=1786958405, ctime=140720406661063
download_fileats_He8vLn: size=80, mode=40700, atime=1787037946, mtime=1786958405, ctime=140720406661063
upload_fileats_XdKJjg: size=80, mode=40700, atime=1787037946, mtime=1786951429, ctime=140720406661063
rpc_metadata_test_z88bQj: size=80, mode=40700, atime=1787037946, mtime=1786951429, ctime=140720406661063
fchownats_test_mEUFZl: size=80, mode=40700, atime=1787037946, mtime=1786951429, ctime=140720406661063
fchmodats_test_9f6SEA: size=80, mode=40700, atime=1787037946, mtime=1786951429, ctime=140720406661063
download_fileats_XzdhhO: size=80, mode=40700, atime=1787037946, mtime=1786951429, ctime=140720406661063
upload_fileats_Q703j8: size=80, mode=40700, atime=1787037946, mtime=1786950956, ctime=140720406661063
rpc_metadata_test_r7xLKS: size=80, mode=40700, atime=1787037946, mtime=1786950956, ctime=140720406661063
fchownats_test_BvHJjL: size=80, mode=40700, atime=1787037946, mtime=1786950956, ctime=140720406661063
fchmodats_test_HIGgk0: size=80, mode=40700, atime=1787037946, mtime=1786950956, ctime=140720406661063
download_fileats_4mmU1p: size=80, mode=40700, atime=1787037946, mtime=1786950956, ctime=140720406661063
upload_fileats_pyAJPF: size=80, mode=40700, atime=1787037946, mtime=1786948411, ctime=140720406661063
rpc_metadata_test_cwXKIT: size=80, mode=40700, atime=1787037946, mtime=1786948411, ctime=140720406661063
fchownats_test_zM145V: size=80, mode=40700, atime=1787037946, mtime=1786948411, ctime=140720406661063
fchmodats_test_kRwQ9m: size=80, mode=40700, atime=1787037946, mtime=1786948411, ctime=140720406661063
download_fileats_hR7822: size=80, mode=40700, atime=1787037946, mtime=1786948411, ctime=140720406661063
upload_fileats_hUAfka: size=80, mode=40700, atime=1787037946, mtime=1786945838, ctime=140720406661063
rpc_metadata_test_v5abuw: size=80, mode=40700, atime=1787037946, mtime=1786945838, ctime=140720406661063
fchownats_test_6en68H: size=80, mode=40700, atime=1787037946, mtime=1786945838, ctime=140720406661063
fchmodats_test_id7mV1: size=80, mode=40700, atime=1787037946, mtime=1786945838, ctime=140720406661063
download_fileats_FiHNAa: size=80, mode=40700, atime=1787037946, mtime=1786945838, ctime=140720406661063
upload_fileats_7skUeI: size=80, mode=40700, atime=1787037946, mtime=1786945702, ctime=140720406661063
rpc_metadata_test_hzeuzs: size=80, mode=40700, atime=1787037946, mtime=1786945702, ctime=140720406661063
fchownats_test_kJGNNm: size=80, mode=40700, atime=1787037946, mtime=1786945702, ctime=140720406661063
fchmodats_test_0GRfnS: size=80, mode=40700, atime=1787037946, mtime=1786945702, ctime=140720406661063
download_fileats_qL7WhW: size=80, mode=40700, atime=1787037946, mtime=1786945702, ctime=140720406661063
ccSnAzte.s: size=321843, mode=100600, atime=1786945480, mtime=1786945482, ctime=140720406661063
convergence-map.json: size=1413, mode=100644, atime=1786943146, mtime=1786943137, ctime=140720406661063
upload_fileats_4qxy2x: size=80, mode=40700, atime=1787037946, mtime=1786942595, ctime=140720406661063
rpc_metadata_test_YT2GfA: size=80, mode=40700, atime=1787037946, mtime=1786942595, ctime=140720406661063
fchownats_test_p5KHjp: size=80, mode=40700, atime=1787037946, mtime=1786942595, ctime=140720406661063
fchmodats_test_JqzU71: size=80, mode=40700, atime=1787037946, mtime=1786942595, ctime=140720406661063
download_fileats_NjWnkP: size=80, mode=40700, atime=1787037946, mtime=1786942595, ctime=140720406661063
upload_fileats_slLkyR: size=80, mode=40700, atime=1787037946, mtime=1786941992, ctime=140720406661063
rpc_metadata_test_Lo2gke: size=80, mode=40700, atime=1787037946, mtime=1786941992, ctime=140720406661063
fchownats_test_AxDMzJ: size=80, mode=40700, atime=1787037946, mtime=1786941992, ctime=140720406661063
fchmodats_test_LHjzwz: size=80, mode=40700, atime=1787037946, mtime=1786941992, ctime=140720406661063
download_fileats_UD2nAQ: size=80, mode=40700, atime=1787037946, mtime=1786941992, ctime=140720406661063
upload_fileats_PXNZ09: size=80, mode=40700, atime=1787037946, mtime=1786941973, ctime=140720406661063
rpc_metadata_test_ML1yE9: size=80, mode=40700, atime=1787037946, mtime=1786941973, ctime=140720406661063
fchownats_test_KmvVXP: size=80, mode=40700, atime=1787037946, mtime=1786941973, ctime=140720406661063
fchmodats_test_hjkUkz: size=80, mode=40700, atime=1787037946, mtime=1786941973, ctime=140720406661063
download_fileats_DGglaW: size=80, mode=40700, atime=1787037946, mtime=1786941973, ctime=140720406661063
upload_fileats_7HsT2R: size=80, mode=40700, atime=1787037946, mtime=1786941955, ctime=140720406661063
cv_debug.log.tmp: size=9, mode=100644, atime=1786941955, mtime=1787038193, ctime=140720406661063
preamble-6376a5.pch: size=9, mode=100644, atime=1787038193, mtime=1787038193, ctime=140720406661063
pread_test_src.bin: size=29, mode=100644, atime=1787038193, mtime=1787038193, ctime=140720406661063
obt: size=60, mode=40755, atime=1787037946, mtime=1786941955, ctime=140720406661063
rpc_metadata_test_KZkfaj: size=80, mode=40700, atime=1787037946, mtime=1786941955, ctime=140720406661063
logger_test.audit.log: size=4940, mode=100644, atime=1787038193, mtime=1787038193, ctime=140720406661063
test_logger.log: size=0, mode=100644, atime=1786941955, mtime=1786941955, ctime=140720406661063
fchownats_test_Q0gUAx: size=80, mode=40700, atime=1787037946, mtime=1786941955, ctime=140720406661063
fchmodats_test_047qim: size=80, mode=40700, atime=1787037946, mtime=1786941955, ctime=140720406661063
aio: size=60, mode=40755, atime=1787037946, mtime=1786941955, ctime=140720406661063
test_file_3.bin: size=6, mode=100644, atime=1786941955, mtime=1787038193, ctime=140720406661063
download_fileats_wmfBdA: size=80, mode=40700, atime=1787037946, mtime=1786941955, ctime=140720406661063
tmp2: size=60, mode=40755, atime=1787037946, mtime=1786941955, ctime=140720406661063
cc4phy5E.s: size=29, mode=100644, atime=1787038193, mtime=1787038193, ctime=140720406661063
tmp1: size=140, mode=40755, atime=1787037946, mtime=1787038193, ctime=140720406661063
ccWBkHty.res: size=0, mode=100600, atime=1786941923, mtime=1786941923, ctime=140720406661063
cczW5jXo.res: size=0, mode=100600, atime=1786941923, mtime=1786941923, ctime=140720406661063
ccj7hpTQ.res: size=0, mode=100600, atime=1786941923, mtime=1786941923, ctime=140720406661063
ccKv2mU3.s: size=98596, mode=100600, atime=1786941921, mtime=1786941924, ctime=140720406661063
ccZjA6AM.s: size=167702, mode=100600, atime=1786941921, mtime=1786941923, ctime=140720406661063
cc2qtocr.res: size=0, mode=100600, atime=1786941888, mtime=1786941888, ctime=140720406661063
cczUdNuM.res: size=0, mode=100600, atime=1786941888, mtime=1786941888, ctime=140720406661063
ccI4lUq7.res: size=0, mode=100600, atime=1786941888, mtime=1786941888, ctime=140720406661063
ccSEcvnb.res: size=0, mode=100600, atime=1786941888, mtime=1786941888, ctime=140720406661063
ccssf99S.res: size=0, mode=100600, atime=1786941888, mtime=1786941888, ctime=140720406661063
ccTRjnD7.res: size=0, mode=100600, atime=1786941888, mtime=1786941888, ctime=140720406661063
ccc1WnYj.res: size=0, mode=100600, atime=1786941888, mtime=1786941888, ctime=140720406661063
cc5Fpiz0.res: size=0, mode=100600, atime=1786941888, mtime=1786941888, ctime=140720406661063
ccybvvE8.s: size=23664, mode=100600, atime=1786941888, mtime=1786941889, ctime=140720406661063
ccmYHrXE.res: size=0, mode=100600, atime=1786941887, mtime=1786941887, ctime=140720406661063
ccUie661.res: size=0, mode=100600, atime=1786941887, mtime=1786941887, ctime=140720406661063
ccjkwyg6.res: size=0, mode=100600, atime=1786941887, mtime=1786941887, ctime=140720406661063
ccWs5rhU.s: size=5319, mode=100600, atime=1786941887, mtime=1786941888, ctime=140720406661063
cc6bHact.s: size=93943, mode=100600, atime=1786941887, mtime=1786941889, ctime=140720406661063
ccxNDuNa.s: size=54566, mode=100600, atime=1786941886, mtime=1786941889, ctime=140720406661063
ccKwcKMN.s: size=167702, mode=100600, atime=1786941885, mtime=1786941889, ctime=140720406661063
ccqKDAZY.s: size=98596, mode=100600, atime=1786941885, mtime=1786941889, ctime=140720406661063
ccxw9xau.s: size=1369513, mode=100600, atime=1786941136, mtime=1786941149, ctime=140720406661063
cckk352T.s: size=1165671, mode=100600, atime=1786941136, mtime=1786941149, ctime=140720406661063
ccyaZU2g.s: size=826546, mode=100600, atime=1786941135, mtime=1786941145, ctime=140720406661063
ccawuXJ4.s: size=826546, mode=100600, atime=1786941076, mtime=1786941088, ctime=140720406661063
ccyk7cj0.s: size=38097, mode=100600, atime=1786941076, mtime=1786941080, ctime=140720406661063
ccHJNBsb.s: size=1165671, mode=100600, atime=1786941075, mtime=1786941090, ctime=140720406661063
cc3IIkKJ.s: size=1369513, mode=100600, atime=1786941075, mtime=1786941091, ctime=140720406661063
ccBGaIUF.s: size=33364, mode=100600, atime=1786941075, mtime=1786941078, ctime=140720406661063
cc39ppVL.s: size=826546, mode=100600, atime=1786941075, mtime=1786941086, ctime=140720406661063
ccPvXE51.s: size=38097, mode=100600, atime=1786941075, mtime=1786941078, ctime=140720406661063
ccq6Qulo.s: size=38097, mode=100600, atime=1786941059, mtime=1786941063, ctime=140720406661063
ccaQTcRH.s: size=826546, mode=100600, atime=1786941059, mtime=1786941070, ctime=140720406661063
cccgyEnV.s: size=1369513, mode=100600, atime=1786941059, mtime=1786941074, ctime=140720406661063
ccS5cgM1.s: size=1369513, mode=100600, atime=1786941058, mtime=1786941073, ctime=140720406661063
cckdVyrW.s: size=1165671, mode=100600, atime=1786941058, mtime=1786941072, ctime=140720406661063
ccL4W3dY.s: size=33364, mode=100600, atime=1786941058, mtime=1786941062, ctime=140720406661063
ccAx2W2j.s: size=38097, mode=100600, atime=1786941057, mtime=1786941060, ctime=140720406661063
cceB8O1J.s: size=826546, mode=100600, atime=1786941057, mtime=1786941068, ctime=140720406661063
.bcddfdfefd87bbfd-00000001.so: size=5576816, mode=100644, atime=1786940480, mtime=1786940480, ctime=140720406661063
.9adf7cfdf7f4fdef-00000000.so: size=13745312, mode=100644, atime=1786940476, mtime=1786940476, ctime=140720406661063
rpc_dir_tree_test: size=100, mode=40755, atime=1787038193, mtime=1786939236, ctime=140720406661063
ccX0zWG2.s: size=441586, mode=100600, atime=1786938950, mtime=1786938962, ctime=140720406661063
ccC1TnCV.s: size=248048, mode=100600, atime=1786938950, mtime=1786938959, ctime=140720406661063
cct6xryB.s: size=690056, mode=100600, atime=1786938950, mtime=1786938963, ctime=140720406661063
ccFRXxkB.s: size=288933, mode=100600, atime=1786938950, mtime=1786938956, ctime=140720406661063
ccPFCBBB.s: size=81357, mode=100600, atime=1786938950, mtime=1786938953, ctime=140720406661063
ccjcU05P.s: size=225488, mode=100600, atime=1786938950, mtime=1786938958, ctime=140720406661063
ccOa8Vos.s: size=320733, mode=100600, atime=1786938950, mtime=1786938957, ctime=140720406661063
ccRuJzry.s: size=255036, mode=100600, atime=1786938950, mtime=1786938958, ctime=140720406661063
ccJFT0gJ.s: size=441586, mode=100600, atime=1786937637, mtime=1786937650, ctime=140720406661063
ccv4zi7J.s: size=248048, mode=100600, atime=1786937637, mtime=1786937648, ctime=140720406661063
cclEyHs5.s: size=690012, mode=100600, atime=1786937637, mtime=1786937651, ctime=140720406661063
ccLv6Xti.s: size=286527, mode=100600, atime=1786937637, mtime=1786937645, ctime=140720406661063
ccePWCab.s: size=80823, mode=100600, atime=1786937637, mtime=1786937640, ctime=140720406661063
ccgtdTGJ.s: size=320713, mode=100600, atime=1786937637, mtime=1786937644, ctime=140720406661063
cc5whcBC.s: size=225488, mode=100600, atime=1786937637, mtime=1786937647, ctime=140720406661063
ccFAFGGn.s: size=96928, mode=100600, atime=1786937637, mtime=1786937640, ctime=140720406661063
ccVGbmkB.s: size=255036, mode=100600, atime=1786937637, mtime=1786937647, ctime=140720406661063
e2e: size=80, mode=40755, atime=1787037946, mtime=1786934812, ctime=140720406661063
fix: size=80, mode=40755, atime=1787037946, mtime=1786934734, ctime=140720406661063
ccn: size=100, mode=40755, atime=1787037946, mtime=1786933847, ctime=140720406661063
.xmake1000: size=60, mode=40755, atime=1787037946, mtime=1787017063, ctime=140720406661063
cntest: size=80, mode=40755, atime=1787037946, mtime=1786933087, ctime=140720406661063
.bcddf71effa5f7fd-00000001.so: size=5576816, mode=100644, atime=1786932975, mtime=1786932975, ctime=140720406661063
.9adf7eb9eef5efa7-00000000.so: size=13745312, mode=100644, atime=1786932971, mtime=1786932971, ctime=140720406661063
cg: size=100, mode=40755, atime=1787037946, mtime=1786932924, ctime=140720406661063
client_gen: size=100, mode=40755, atime=1787037946, mtime=1786932803, ctime=140720406661063
MicrosoftEdgeDownloads: size=80, mode=40700, atime=1787037946, mtime=1786933481, ctime=140720406661063
.bcddf59ff6cfb73f-00000001.so: size=5576816, mode=100644, atime=1786932471, mtime=1786932471, ctime=140720406661063
.9adf7dbdf2f4efcf-00000000.so: size=13745312, mode=100644, atime=1786932466, mtime=1786932466, ctime=140720406661063
oh-my-opencode.log: size=1287, mode=100644, atime=1786932364, mtime=1787032948, ctime=140720406661063
.bcddf59efdb5febd-00000001.so: size=5576816, mode=100644, atime=1786932363, mtime=1786932363, ctime=140720406661063
node-compile-cache: size=60, mode=40755, atime=1787037946, mtime=1786932361, ctime=140720406661063
.9adf7dbbfbeaed87-00000000.so: size=13745312, mode=100644, atime=1786932358, mtime=1786932358, ctime=140720406661063
opencode: size=1240, mode=40755, atime=1787037946, mtime=1787038081, ctime=140720406661063
tmux-1000: size=60, mode=40700, atime=1787037946, mtime=1786932331, ctime=140720406661063
.org.chromium.Chromium.edTumG: size=80, mode=40700, atime=1787037946, mtime=1786931309, ctime=140720406661063
.ses: size=51, mode=100644, atime=1787021427, mtime=1787021427, ctime=140720406661063
cv_debug.log: size=2562, mode=100644, atime=1786930371, mtime=1787021413, ctime=140720406661063
systemd-private-ac22a77786d44a3d9eff9fb6522c9e98-upower.service-VKX1A2: size=60, mode=40700, atime=1786930342, mtime=1786930342, ctime=140720406661063
com.microsoft.Edge.k9Y345: size=80, mode=40700, atime=1787037946, mtime=1786930341, ctime=140720406661063
FlClashSocket_4604.sock: size=0, mode=140755, atime=1786930103, mtime=1786930103, ctime=140720406661063
systemd-private-ac22a77786d44a3d9eff9fb6522c9e98-polkit.service-c2EnxI: size=60, mode=40700, atime=1786930101, mtime=1786930101, ctime=140720406661063
.X1-lock: size=11, mode=100444, atime=1786930101, mtime=1786930101, ctime=140720406661063
sddm-:0-DQALgu: size=0, mode=140700, atime=1786930096, mtime=1786930096, ctime=140720406661063
sddm-auth-58641754-6c4d-4301-b2aa-01332fd2decd: size=0, mode=140755, atime=1786930100, mtime=1786930095, ctime=140720406661063
systemd-private-ac22a77786d44a3d9eff9fb6522c9e98-systemd-logind.service-QDXr9w: size=60, mode=40700, atime=1786930095, mtime=1786930095, ctime=140720406661063
systemd-private-ac22a77786d44a3d9eff9fb6522c9e98-iwd.service-Q6eysX: size=60, mode=40700, atime=1786930095, mtime=1786930095, ctime=140720406661063
systemd-private-ac22a77786d44a3d9eff9fb6522c9e98-bluetooth.service-f2ugrH: size=60, mode=40700, atime=1786930095, mtime=1786930095, ctime=140720406661063
.font-unix: size=40, mode=41777, atime=1787037946, mtime=1786930094, ctime=140720406661063
.XIM-unix: size=40, mode=41777, atime=1787037946, mtime=1786930094, ctime=140720406661063
.ICE-unix: size=40, mode=41777, atime=1787037946, mtime=1786930094, ctime=140720406661063
.X11-unix: size=80, mode=41777, atime=1787037946, mtime=1786930101, ctime=140720406661063
[0m[38;2;0;255;0;1m[ 44%]:[0m [2mrunning.test symlink/default[0m
====================================
  LMDB 默认排序 (memcmp) 验证测试
====================================

=== 测试 1: LMDB 默认字典序 (路径 key) ===
  遍历结果:
    [0] key='/a'
    [1] key='/a/b'
    [2] key='/a/bb'
    [3] key='/a/bb/c'
    [4] key='/a/bc'
    [5] key='/a/c'
    [6] key='/aa'
  ✓ 字典序验证通过: 7 个 key 按正确顺序排列

=== 测试 2: 子路径连续性 (目录分组) ===
  遍历结果:
    [0] key='/'
    [1] key='/a'
    [2] key='/a/b'
    [3] key='/a/b/c'
    [4] key='/a/b/d'
    [5] key='/a/c'
    [6] key='/b'
    [7] key='/b/a'
    [8] key='/ba'
  /a 的子路径范围: [2..5]
    '/a/b' — starts with '/a/'
    '/a/b/c' — starts with '/a/'
    '/a/b/d' — starts with '/a/'
    '/a/c' — starts with '/a/'
  /b 的子路径范围: [7..7]
    '/b/a' — starts with '/b/'
  ✓ 子路径连续性验证通过

=== 测试 3: null 终止符对排序的影响 ===
  遍历结果:
    [0] key='/a'
    [1] key='/a/b'
    [2] key='/aa'

  关键验证:
    '/a' < '/a/b' : \0(0x00) < '/'(0x2f)
                  → 目录自身先于其子路径
    '/a/b' < '/aa' : '/'(0x2f) < 'a'(0x61)
                  → 子路径先于同名前缀兄弟

  ✓ null 终止符排序影响验证通过

====================================
  全部测试通过!
====================================
PASS

=== TEST: TYPE_UPDATE - Within Size ===
[2026-08-18 15:29:53]|Info|fs-backup/public/fs_meta.cpp:118 DeleteFsMeta|397075456| delete /tmp/fs_meta_test_04
[0m[38;2;0;255;0;1m[ 47%]:[0m [2mrunning.test tls_cert_test/default[0m
[0m[38;2;0;255;0;1m[ 50%]:[0m [2mrunning.test upload_fileats/default[0m
[2026-08-18 15:29:53]|Info|rpc/main.cpp:346 main|140653878265728| change to working directory:[/tmp/t0312-rpc-time] success.
Usage: aio-speedd [OPTIONS]

=== Basic Options ===
	 --port, -p          RPC server port (default: 6611)
	 --log-path          Log directory path (default: /opt/aio/logs/tools/aio-speedd/)
	 --audit-dir, -a     Audit log path (default: /opt/aio/logs/tools/aio-speedd/)
	 --work-dir          Working directory (default: /opt/aio/airflow/tools/work/aio-speedd)
	 --daemon            Run in daemon mode with auto-restart
	 --debug             Enable debug mode
	 --keepalive         RPC keepalive interval in seconds (default: 60)
	 --help, -h          Show this help message
	 --version, -v       Show version information

=== Examples ===
	 # Start server on default port (6611)
	 aio-speedd
	 # Start server on custom port
	 aio-speedd -p 7711
	 # Start server with custom log path
	 aio-speedd --log-path /var/log/aio-speedd/
	 # Start server in daemon mode with auto-restart
	 aio-speedd -p 6611 --daemon
	 # Start server in daemon mode with custom audit path
	 aio-speedd --daemon --audit-dir /var/log/audit/
	 # Start server with debug logging
	 aio-speedd --debug
	 # Start server with custom keepalive interval
	 aio-speedd --keepalive 120
	 # Full example: daemon mode with custom port, log and audit paths
	 aio-speedd -p 7711 --daemon --log-path /var/log/aio-speedd/ --audit-dir /var/log/audit/
========================================
  rpc_conn_cli_readdir_tree 集成测试
========================================

=== Test 1: basic tree traversal ===
  OK: 6 entries returned

=== Test 2: stat metadata ===
  OK: file types and sizes

=== Test 3: empty directory ===
  OK: empty dir returns 0 entries

========================================
  ALL TESTS PASSED
PASS

=== TEST: TYPE_UPDATE - Extend (size_ext - size) ===
[2026-08-18 15:29:53]|Info|fs-backup/public/fs_meta.cpp:118 DeleteFsMeta|397075456| delete /tmp/fs_meta_test_05
[2026-08-18 15:29:53]|Info|rpc/rpc.cpp:2959 rpc_conn_cli_upload_fileats|139687373043392| upload_fileat /tmp/upload_fileats_bZir1x/dst/:test1.txt success.
[2026-08-18 15:29:53]|Info|rpc/rpc-server.cpp:3887 rpc_conn_srv_upload_fileats|139687364650688| openat test1.txt success.
[2026-08-18 15:29:53]|Info|rpc/rpc.cpp:2959 rpc_conn_cli_upload_fileats|139687373043392| upload_fileat /tmp/upload_fileats_bZir1x/dst/:test2.txt success.
[2026-08-18 15:29:53]|Info|rpc/rpc-server.cpp:3910 rpc_conn_srv_upload_fileats|139687364650688| upload_fileat /tmp/upload_fileats_bZir1x/dst/:test1.txt success.
[2026-08-18 15:29:53]|Info|rpc/rpc-server.cpp:3887 rpc_conn_srv_upload_fileats|139687364650688| openat test2.txt success.
[2026-08-18 15:29:53]|Info|rpc/rpc-server.cpp:3910 rpc_conn_srv_upload_fileats|139687364650688| upload_fileat /tmp/upload_fileats_bZir1x/dst/:test2.txt success.
usage: command args ...
	 --host:         -h      host ip must be like: (--host=127.0.0.1 or --host 127.0.0.1 or -h 127.0.0.1).
	 --port:         -p      host port must be like: (--port=6611 or --port 6611 or -p 6611).
	 --key:                  authentication key must be like: (--key=xxx or --key xxx), required.
	 --cmd:          -c      request type must be like: (--cmd=list or --cmd list or -c list).
	 --download:             scp file from remote to local must be like: (--download=1 or --download 1 defalut: 2).
	                             1 full copy dir's file
	                             2 breakpoint continuation copy dir's file(Node: must match with --bcm options).

	 --remote:               remote path or path must be like: (--remote=list or --remote list or -c list).
	 --local:                local path or file must be like: (--local=list or --local list or -c list).
	 --compress:             compress enabled must be like: (--compress=1 or --compress 1 default: 1).
	 --encrypt:              encrypt enabled must be like: (--encrypt=1 or --encrypt 1 default: 0).
	 --parallel:             parallel number must be like: (--parallel=4 or --parallel 4 default: 4).
	 --bcm:                  file for save breakpoint continuation meta info. must be like: (--bcm=file or --bcm file default: .).
	                         resumable files continue to download or upload the last failed files on a file-by-file basis.

	 --upload:               scp file from local to remote must be like: (--upload=1 or --upload 1 defalut: 2).
	                             1 full copy dir's file
	                             2 breakpoint continuation copy dir's file(Node: must match with --bcm options).

	 --checksum:             checksum enabled must be like: (--checksum=1 or --checksum 1 default: 0).
	 --nc:                   command run on dst server must be like: (--nc=command or --nc command).
	                             eg.
	                             --nc "lz4 -d -B4 | sudo xbstream  -x -C /backup/mysql"
	                             --nc 'lz4 -d -B4 | sudo xbstream  -x -C /backup/mysql'
	                             --nc "lz4 -d -B4 > /dev/null"
	                             --nc 'lz4 -d -B4 > /dev/null'
	 --bind-ip:              bind the IP address of the local NIC must be like: (--bind-ip=127.0.0.1 or --bind-ip 127.0.0.1)
	 --fb-item:              file backup input dir or file: (--fb-item=dir1;dir2;... or --fb-item dir1;dir2;...)
	 --fb-meta:              file backup data's meta: (--fb-meta=file.meta or --fb-meta file.meta)
	 --fb-exclude:           file backup exclude file: (--fb-exclude=file1;file2... or --fb-exclude file1;file2...)
	 --fb-progress:          file backup real time progress: (--fb-progress=file1 or --fb-progress file1)
	 --fb-list-item:         list item of file backup: (--fb-list-item=dir1 or --fb-list-item dir1)
	 --fb-list-output:       list item of file backup output file: (--fb-list-output=file1 or --fb-list-output file1)
	 --fb-list-position:     list item of file backup start position: (--fb-list-position=file1 or --fb-list-position file1)
	 --fb-item-size:         list total of needed transfer files size: (--fb-item-size=dir1;dir2;... or --fb-item-size dir1;dir2;...)
	 --fb-size-output:       file for total of needed transfer files size in byte info output: (--fb-size-output=file1 or --fb-size-output file1)
	 --backup-full:          full backup must be like: (--backup-full).
	 --backup-inc:           incremental backup must be like: (--backup-inc).
	 --backup-merge:         merge backup must be like: (--backup-merge).
	 --restore-file:         restore file type must be like: (--restore-file).
	 --proc-progress:        backup restore proc progress must be like: (--proc-progress).
	 --restore-meta:         restore meta type must be like: (--restore-meta).
	 --meta-find:            find backup meta must be like: (--meta-find).
	 --meta-find-range:      find backup meta limits must be like: (--meta-find-range).
	 --find-dir:             find directory must be like: (--find-dir=dir1 or --find-dir dir1).
	 --find-name:            find file name must be like: (--find-name=name1 or --find-name name1).
	 --find-count:           find count must be like: (--find-count=1 or --find-count 1).
	 --find-reverse:         find reverse must be like: (--find-reverse).
	 --find-type:            find type must be like: (--find-type=1 or --find-type 1, default: 0).
	                             1 dir
	                             0 file
	 exclude                 exclude path must be like: (--exclude=/xxx or --exclude /xxx)
	 exclude-from            file format: file1;file2
	 include                 include path must be like: (--include=/xxx or --include /xxx)
	 include-from            file format: file1;file2
	 chmod                   format: --chmod=0777
	 chown                   format: --chown=uid:gid
	 preserve                preserve old file
	 output                  save merge delete file info
	 progress                save proc progress meta data info, default tools cwd directory ./progress
	 --show-config            show config information
	 --reload-config          reload config information
	 --traversal-mode=<mode>  Traversal mode: bfs (default) or dfs
	 --debug                  debug mode
	 --help:                 usage help
	 --version:      -v      version information
Creating CA (ed25519)... done
CA private key: /tmp/t0312-rdbcomm/ca/ca.key
CA certificate: /tmp/t0312-rdbcomm/ca/ca.crt
PASS

=== TEST: TYPE_UPDATE - Large Data Write ===
[2026-08-18 15:29:53]|Info|fs-backup/public/fs_meta.cpp:118 DeleteFsMeta|397075456| delete /tmp/fs_meta_test_10
PASS

=== TEST: TYPE_UPDATE - Large Data Write Overwrite Partial ===
[2026-08-18 15:29:53]|Info|fs-backup/public/fs_meta.cpp:118 DeleteFsMeta|397075456| delete /tmp/fs_meta_test_25
=== TLS Cert Unit Tests ===

CERT_DIR: /home/black/Public/aio/aio-tools/6200/F/139/libs/tests/certs
Using CERT_DIR: /home/black/Public/aio/aio-tools/6200/F/139/libs/tests/certs
Running tls_cert_init_disabled... PASSED
Running tls_cert_init_missing_ca... CERT_DIR: /home/black/Public/aio/aio-tools/6200/F/139/libs/tests/certs
CERT_DIR: /home/black/Public/aio/aio-tools/6200/F/139/libs/tests/certs
PASSED
Running tls_cert_init_missing_cert... PASSED
Running tls_cert_init_cleanup... PASSED
Running tls_server_init... CERT_DIR: /home/black/Public/aio/aio-tools/6200/F/139/libs/tests/certs
CERT_DIR: /home/black/Public/aio/aio-tools/6200/F/139/libs/tests/certs
CERT_DIR: /home/black/Public/aio/aio-tools/6200/F/139/libs/tests/certs
PASSED
Running tls_server_missing_ca... PASSED
Running tls_server_missing_cert... CERT_DIR: /home/black/Public/aio/aio-tools/6200/F/139/libs/tests/certs
PASSED
Running tls_server_missing_key... CERT_DIR: /home/black/Public/aio/aio-tools/6200/F/139/libs/tests/certs
CERT_DIR: /home/black/Public/aio/aio-tools/6200/F/139/libs/tests/certs
PASSED
Running tls_empty_cert_dir... CERT_DIR: /home/black/Public/aio/aio-tools/6200/F/139/libs/tests/certs
PASSED
Running tls_invalid_ca_cert_format... CERT_DIR: /home/black/Public/aio/aio-tools/6200/F/139/libs/tests/certs
CERT_DIR: /home/black/Public/aio/aio-tools/6200/F/139/libs/tests/certs
CERT_DIR: /home/black/Public/aio/aio-tools/6200/F/139/libs/tests/certs
PASSED
Running tls_client_with_server_cert_env... CERT_DIR: /home/black/Public/aio/aio-tools/6200/F/139/libs/tests/certs
CERT_DIR: /home/black/Public/aio/aio-tools/6200/F/139/libs/tests/certs
CERT_DIR: /home/black/Public/aio/aio-tools/6200/F/139/libs/tests/certs
Client can init with server cert (not recommended but should work)
PASSED
Running tls_server_with_cert_dir_env... CERT_DIR: /home/black/Public/aio/aio-tools/6200/F/139/libs/tests/certs
CERT_DIR: /home/black/Public/aio/aio-tools/6200/F/139/libs/tests/certs
Server can init with cert_dir (will load first matching cert)
PASSED
Running tls_cert_select_callback... CERT_DIR: /home/black/Public/aio/aio-tools/6200/F/139/libs/tests/certs
CERT_DIR: /home/black/Public/aio/aio-tools/6200/F/139/libs/tests/certs
TLS cert callback test passed
PASSED
Running tls_ciphersuites_default_null... PASSED
Running tls_ciphersuites_from_env... CERT_DIR: /home/black/Public/aio/aio-tools/6200/F/139/libs/tests/certs
CERT_DIR: /home/black/Public/aio/aio-tools/6200/F/139/libs/tests/certs
[2026-08-18 15:29:53]|Info|libs/tls_cert.c:476 tls_cert_set_ciphersuites_from_conf|140206379763584| Applied ciphersuites config: TLS_SM4_GCM_SM3:TLS_AES_256_GCM_SHA384
[2026-08-18 15:29:53]|Info|libs/tls_cert.c:530 tls_cert_load_sm2_chain|140206379763584| Loaded SM2 certificate chain: ca=/home/black/Public/aio/aio-tools/6200/F/139/libs/tests/certs/sm2_ca.crt cert=/home/black/Public/aio/aio-tools/6200/F/139/libs/tests/certs/sm2_host.crt key=/home/black/Public/aio/aio-tools/6200/F/139/libs/tests/certs/sm2_host.key
PASSED
Running tls_ciphersuites_invalid_ignored... CERT_DIR: /home/black/Public/aio/aio-tools/6200/F/139/libs/tests/certs
CERT_DIR: /home/black/Public/aio/aio-tools/6200/F/139/libs/tests/certs
[2026-08-18 15:29:53]|Error|libs/tls_cert.c:474 tls_cert_set_ciphersuites_from_conf|140206379763584| Failed to apply ciphersuites config: TLS_THIS_SUITE_DOES_NOT_EXIST
PASS

=== TEST: TYPE_UPDATE - 1M File Overwrite Single Write ===
[2026-08-18 15:29:53]|Info|fs-backup/public/fs_meta.cpp:118 DeleteFsMeta|397075456| delete /tmp/fs_meta_test_26
PASSED
Running tls_sm2_chain_loaded_with_ciphersuites... CERT_DIR: /home/black/Public/aio/aio-tools/6200/F/139/libs/tests/certs
CERT_DIR: /home/black/Public/aio/aio-tools/6200/F/139/libs/tests/certs
[2026-08-18 15:29:53]|Info|libs/tls_cert.c:476 tls_cert_set_ciphersuites_from_conf|140206379763584| Applied ciphersuites config: TLS_SM4_GCM_SM3
[2026-08-18 15:29:53]|Info|libs/tls_cert.c:530 tls_cert_load_sm2_chain|140206379763584| Loaded SM2 certificate chain: ca=/home/black/Public/aio/aio-tools/6200/F/139/libs/tests/certs/sm2_ca.crt cert=/home/black/Public/aio/aio-tools/6200/F/139/libs/tests/certs/sm2_host.crt key=/home/black/Public/aio/aio-tools/6200/F/139/libs/tests/certs/sm2_host.key
PASSED
Running tls_sm2_chain_missing_fails... [2026-08-18 15:29:53]|Info|libs/tls_cert.c:476 tls_cert_set_ciphersuites_from_conf|140206379763584| Applied ciphersuites config: TLS_SM4_GCM_SM3
[2026-08-18 15:29:53]|Error|libs/tls_cert.c:512 tls_cert_load_sm2_chain|140206379763584| Failed to load SM2 host certificate chain (/tmp/tls_sm2_empty_dir/sm2_host.crt//tmp/tls_sm2_empty_dir/sm2_host.key)
[2026-08-18 15:29:53]|Error|libs/tls_cert.c:573 tls_cert_apply_sm2_if_configured|140206379763584| SM2 ciphersuites configured but SM2 certificate chain unavailable (ENC-005)
PASSED
Running tls_sm2_server_chain_loaded... CERT_DIR: /home/black/Public/aio/aio-tools/6200/F/139/libs/tests/certs
CERT_DIR: /home/black/Public/aio/aio-tools/6200/F/139/libs/tests/certs
[2026-08-18 15:29:53]|Info|libs/tls_cert.c:476 tls_cert_set_ciphersuites_from_conf|140206379763584| Applied ciphersuites config: TLS_SM4_GCM_SM3
[2026-08-18 15:29:53]|Info|libs/tls_cert.c:530 tls_cert_load_sm2_chain|140206379763584| Loaded SM2 certificate chain: ca=/home/black/Public/aio/aio-tools/6200/F/139/libs/tests/certs/sm2_ca.crt cert=/home/black/Public/aio/aio-tools/6200/F/139/libs/tests/certs/sm2_host.crt key=/home/black/Public/aio/aio-tools/6200/F/139/libs/tests/certs/sm2_host.key
PASSED
Running tls_mtls_handshake... CERT_DIR: /home/black/Public/aio/aio-tools/6200/F/139/libs/tests/certs
CERT_DIR: /home/black/Public/aio/aio-tools/6200/F/139/libs/tests/certs
CERT_DIR: /home/black/Public/aio/aio-tools/6200/F/139/libs/tests/certs
mtls: server initialized
mtls: server listening on port 14449
Generating private key: /tmp/t0312-rdbcomm/server/host.key
Generating CSR: /tmp/t0312-rdbcomm/server/host.csr
Generating private key (ed25519)... done
Generating CSR... done
Private key: /tmp/t0312-rdbcomm/server/host.key
CSR: /tmp/t0312-rdbcomm/server/host.csr
PASS

=== TEST: BOUNDARY - Max Block Size 16K ===
[2026-08-18 15:29:53]|Info|fs-backup/public/fs_meta.cpp:118 DeleteFsMeta|397075456| delete /tmp/fs_meta_test_09
PASS

=== TEST: BOUNDARY - Max Block Size 64K ===
[2026-08-18 15:29:53]|Info|fs-backup/public/fs_meta.cpp:118 DeleteFsMeta|397075456| delete /tmp/fs_meta_test_10
rpc_handshake_test: PASS
PASS

=== TEST: TRUNCATE ===
[2026-08-18 15:29:53]|Info|fs-backup/public/fs_meta.cpp:118 DeleteFsMeta|397075456| delete /tmp/fs_meta_test_11
Signing certificate... done
Certificate: /tmp/t0312-rdbcomm/server/server.crt
PASS

=== TEST: CURSOR REUSE ===
[2026-08-18 15:29:53]|Info|fs-backup/public/fs_meta.cpp:118 DeleteFsMeta|397075456| delete /tmp/fs_meta_test_12
PASS

=== TEST: TYPE_DEL ===
[2026-08-18 15:29:53]|Info|fs-backup/public/fs_meta.cpp:118 DeleteFsMeta|397075456| delete /tmp/fs_meta_test_14
PASS

=== TEST: VARIOUS OFFSETS - 偏移组合 ===
[2026-08-18 15:29:53]|Info|fs-backup/public/fs_meta.cpp:118 DeleteFsMeta|397075456| delete /tmp/fs_meta_test_15
Generating private key: /tmp/t0312-rdbcomm/client-a/host.key
Generating CSR: /tmp/t0312-rdbcomm/client-a/host.csr
Generating private key (ed25519)... done
Generating CSR... done
Private key: /tmp/t0312-rdbcomm/client-a/host.key
CSR: /tmp/t0312-rdbcomm/client-a/host.csr
PASS

=== TEST: VARIOUS SIZES - 不同文件大小 ===
[2026-08-18 15:29:53]|Info|fs-backup/public/fs_meta.cpp:118 DeleteFsMeta|397075456| delete /tmp/fs_meta_test_16
PASS

=== TEST: OVERWRITE - 同一偏移重复写入 ===
[2026-08-18 15:29:53]|Info|fs-backup/public/fs_meta.cpp:118 DeleteFsMeta|397075456| delete /tmp/fs_meta_test_17
PASS

=== TEST: MIXED OPERATIONS - 混合操作序列 ===
[2026-08-18 15:29:53]|Info|fs-backup/public/fs_meta.cpp:118 DeleteFsMeta|397075456| delete /tmp/fs_meta_test_18
Signing certificate... done
Certificate: /tmp/t0312-rdbcomm/client-a/client.crt
PASS

=== TEST: SPARSE FILE - 稀疏文件 ===
[2026-08-18 15:29:53]|Info|fs-backup/public/fs_meta.cpp:118 DeleteFsMeta|397075456| delete /tmp/fs_meta_test_19
PASS

=== TEST: OUT_OF_ORDER WRITE - 乱序写入 ===
[2026-08-18 15:29:53]|Info|fs-backup/public/fs_meta.cpp:118 DeleteFsMeta|397075456| delete /tmp/fs_meta_test_20
PASS

=== TEST: ZERO OFFSET + VARIOUS COUNT - 零偏移+不同大小 ===
[2026-08-18 15:29:53]|Info|fs-backup/public/fs_meta.cpp:118 DeleteFsMeta|397075456| delete /tmp/fs_meta_test_21
Generating private key: /tmp/t0312-rdbcomm/client-b/host.key
Generating CSR: /tmp/t0312-rdbcomm/client-b/host.csr
Generating private key (ed25519)... done
Generating CSR... done
Private key: /tmp/t0312-rdbcomm/client-b/host.key
CSR: /tmp/t0312-rdbcomm/client-b/host.csr
PASS

=== TEST: LARGE GAP - 大间隔写入 ===
[2026-08-18 15:29:53]|Info|fs-backup/public/fs_meta.cpp:118 DeleteFsMeta|397075456| delete /tmp/fs_meta_test_22
PASS

=== TEST: TYPE_NEW - Multi Write ===
[2026-08-18 15:29:53]|Info|fs-backup/public/fs_meta.cpp:118 DeleteFsMeta|397075456| delete /tmp/fs_meta_test_23
Signing certificate... done
Certificate: /tmp/t0312-rdbcomm/client-b/client.crt
PASS

=== TEST: TYPE_NEW - Reopen ===
[2026-08-18 15:29:53]|Info|fs-backup/public/fs_meta.cpp:118 DeleteFsMeta|397075456| delete /tmp/fs_meta_test_24
PASS

=== TEST: TYPE_NEW - Delete ===
[2026-08-18 15:29:53]|Info|fs-backup/public/fs_meta.cpp:118 DeleteFsMeta|397075456| delete /tmp/fs_meta_test_25
Creating CA (sm2)... done
CA private key: /tmp/t0312-rdbcomm/sm2/ca/ca.key
CA certificate: /tmp/t0312-rdbcomm/sm2/ca/ca.crt
PASS

=== TEST: TYPE_UPDATE - Delete ===
[2026-08-18 15:29:53]|Info|fs-backup/public/fs_meta.cpp:118 DeleteFsMeta|397075456| delete /tmp/fs_meta_test_26
PASS

=== TEST: DELETE then CREATE ===
[2026-08-18 15:29:53]|Info|fs-backup/public/fs_meta.cpp:118 DeleteFsMeta|397075456| delete /tmp/fs_meta_test_27
PASS

=== TEST: DELETE then MODIFY ===
[2026-08-18 15:29:53]|Info|fs-backup/public/fs_meta.cpp:118 DeleteFsMeta|397075456| delete /tmp/fs_meta_test_28
PASS

=== TEST: OPEN EXIST ===
[2026-08-18 15:29:53]|Info|fs-backup/public/fs_meta.cpp:118 DeleteFsMeta|397075456| delete /tmp/fs_meta_test_30
Generating private key: /tmp/t0312-rdbcomm/sm2/server/host.key
Generating CSR: /tmp/t0312-rdbcomm/sm2/server/host.csr
Generating private key (sm2)... done
Generating CSR... done
Private key: /tmp/t0312-rdbcomm/sm2/server/host.key
CSR: /tmp/t0312-rdbcomm/sm2/server/host.csr
PASS

=== TEST: RANDOM WRITE ===
  After OnOpen: type=1 size=5000 size_ext=5000 byte_id=0
  GetVal returns 0, type=1
  OnWriteFile ret=0
  After OnWriteFile: type=1 size=5000 size_ext=5000 byte_id=0
[2026-08-18 15:29:53]|Info|fs-backup/public/fs_meta.cpp:118 DeleteFsMeta|397075456| delete /tmp/fs_meta_test_31
PASS

========================================
       Results: 0 failures
========================================
Signing certificate... done
Certificate: /tmp/t0312-rdbcomm/sm2/server/server.crt
Generating private key: /tmp/t0312-rdbcomm/sm2/client/host.key
Generating CSR: /tmp/t0312-rdbcomm/sm2/client/host.csr
Generating private key (sm2)... done
Generating CSR... done
Private key: /tmp/t0312-rdbcomm/sm2/client/host.key
CSR: /tmp/t0312-rdbcomm/sm2/client/host.csr
Signing certificate... done
Certificate: /tmp/t0312-rdbcomm/sm2/client/client.crt
[2026-08-18 15:29:53]|Info|rdbcomm/rdbcommd-main.c:254 main|139674398906240| change to working directory:[/tmp/rdbcomm-tool-test-17610] success.
CERT_DIR: /home/black/Public/aio/aio-tools/6200/F/139/libs/tests/certs
CERT_DIR: /home/black/Public/aio/aio-tools/6200/F/139/libs/tests/certs
CERT_DIR: /home/black/Public/aio/aio-tools/6200/F/139/libs/tests/certs
mtls: client initialized
mtls: client connected to server
mtls: client handshake success
mtls: client wrote 22 bytes
mtls server: handshake success
mtls server received: Hello from mtls client
mtls: client read 22 bytes: Hello from mtls server
mtls: server thread returned 0
PASSED
Running tls_sm2_mtls_handshake... CERT_DIR: /home/black/Public/aio/aio-tools/6200/F/139/libs/tests/certs
CERT_DIR: /home/black/Public/aio/aio-tools/6200/F/139/libs/tests/certs
CERT_DIR: /home/black/Public/aio/aio-tools/6200/F/139/libs/tests/certs
[2026-08-18 15:29:53]|Info|libs/tls_cert.c:476 tls_cert_set_ciphersuites_from_conf|140206379763584| Applied ciphersuites config: TLS_SM4_GCM_SM3
[2026-08-18 15:29:53]|Info|libs/tls_cert.c:530 tls_cert_load_sm2_chain|140206379763584| Loaded SM2 certificate chain: ca=/home/black/Public/aio/aio-tools/6200/F/139/libs/tests/certs/sm2_ca.crt cert=/home/black/Public/aio/aio-tools/6200/F/139/libs/tests/certs/sm2_host.crt key=/home/black/Public/aio/aio-tools/6200/F/139/libs/tests/certs/sm2_host.key
sm2 mtls: server initialized with SM2 chain
sm2 mtls: server listening on port 14451
CERT_DIR: /home/black/Public/aio/aio-tools/6200/F/139/libs/tests/certs
CERT_DIR: /home/black/Public/aio/aio-tools/6200/F/139/libs/tests/certs
[2026-08-18 15:29:53]|Info|libs/tls_cert.c:476 tls_cert_set_ciphersuites_from_conf|140206379763584| Applied ciphersuites config: TLS_SM4_GCM_SM3
[2026-08-18 15:29:53]|Info|libs/tls_cert.c:530 tls_cert_load_sm2_chain|140206379763584| Loaded SM2 certificate chain: ca=/home/black/Public/aio/aio-tools/6200/F/139/libs/tests/certs/sm2_ca.crt cert=/home/black/Public/aio/aio-tools/6200/F/139/libs/tests/certs/sm2_host.crt key=/home/black/Public/aio/aio-tools/6200/F/139/libs/tests/certs/sm2_host.key
sm2 mtls: client initialized with SM2 chain
sm2 mtls: client connected to server
sm2 mtls: negotiated cipher = TLS_SM4_GCM_SM3
sm2 mtls: client wrote 21 bytes
mtls server: handshake success
mtls server received: Hello from sm2 client
sm2 mtls: client read 22 bytes: Hello from mtls server
sm2 mtls: server thread returned 0
PASSED

=== Results ===
Passed: 21
Failed: 0

All tests PASSED!
1787038193
1787038193
beforeSleep 0
signal 15 received, exit...
rpc_time_integration: PASS
[2026-08-18 15:29:53]|Info|rdbcomm/rdbcommd-main.c:254 main|140644537476992| change to working directory:[/tmp/rdbcomm-tool-test-17611] success.
[2026-08-18 15:29:53]|Info|rdbcomm/rdbcommd-main.c:272 main|140644537476992| TLS/mTLS enabled for rdbcommd
1787038194
[2026-08-18 15:29:54]|Info|rdbcomm/rdbcommd-main.c:254 main|139880101046144| change to working directory:[/tmp/rdbcomm-tool-test-17612] success.
[2026-08-18 15:29:54]|Info|rdbcomm/rdbcommd-main.c:272 main|139880101046144| TLS/mTLS enabled for rdbcommd
1787038194
[2026-08-18 15:29:54]|Info|libs/tls_cert.c:476 tls_cert_set_ciphersuites_from_conf|140062309296000| Applied ciphersuites config: TLS_SM4_GCM_SM3
[2026-08-18 15:29:54]|Error|libs/tls_cert.c:512 tls_cert_load_sm2_chain|140062309296000| Failed to load SM2 host certificate chain (/tmp/t0312-rdbcomm/client-certs//sm2_host.crt//tmp/t0312-rdbcomm/client-certs//sm2_host.key)
[2026-08-18 15:29:54]|Error|libs/tls_cert.c:573 tls_cert_apply_sm2_if_configured|140062309296000| SM2 ciphersuites configured but SM2 certificate chain unavailable (ENC-005)
tls_cert_init_client_from_env failed
[2026-08-18 15:29:54]|Info|rdbcomm/rdbcommd-main.c:254 main|140661484255104| change to working directory:[/tmp/rdbcomm-tool-test-17613] success.
[2026-08-18 15:29:54]|Info|rdbcomm/rdbcommd-main.c:272 main|140661484255104| TLS/mTLS enabled for rdbcommd
1787038194
connect server failed
[2026-08-18 15:29:54]|Info|rdbcomm/rdbcommd-main.c:254 main|140011618862976| change to working directory:[/tmp/rdbcomm-tool-test-17614] success.
[2026-08-18 15:29:54]|Info|libs/tls_cert.c:476 tls_cert_set_ciphersuites_from_conf|140011618862976| Applied ciphersuites config: TLS_SM4_GCM_SM3
[2026-08-18 15:29:54]|Info|libs/tls_cert.c:530 tls_cert_load_sm2_chain|140011618862976| Loaded SM2 certificate chain: ca=/tmp/t0312-rdbcomm/sm2-certs//sm2_ca.crt cert=/tmp/t0312-rdbcomm/sm2-certs//sm2_host.crt key=/tmp/t0312-rdbcomm/sm2-certs//sm2_host.key
[2026-08-18 15:29:54]|Info|rdbcomm/rdbcommd-main.c:272 main|140011618862976| TLS/mTLS enabled for rdbcommd
1787038195
[2026-08-18 15:29:55]|Info|libs/tls_cert.c:476 tls_cert_set_ciphersuites_from_conf|140707009349504| Applied ciphersuites config: TLS_SM4_GCM_SM3
[2026-08-18 15:29:55]|Info|libs/tls_cert.c:530 tls_cert_load_sm2_chain|140707009349504| Loaded SM2 certificate chain: ca=/tmp/t0312-rdbcomm/sm2-certs//sm2_ca.crt cert=/tmp/t0312-rdbcomm/sm2-certs//sm2_host.crt key=/tmp/t0312-rdbcomm/sm2-certs//sm2_host.key
[2026-08-18 15:29:55]|Info|rdbcomm/rdbcommd-main.c:254 main|140712370292608| change to working directory:[/tmp/rdbcomm-tool-test-17615] success.
[2026-08-18 15:29:55]|Info|rdbcomm/rdbcommd-main.c:272 main|140712370292608| TLS/mTLS enabled for rdbcommd
1787038195
connect server failed
rdbcomm_tool_integration: PASS

report of tests:
[0m[38;2;0;255;0;1m[  2%]:[0m [2mLRUCache_test/default ............. [38;2;0;255;0;1mpassed[0m [1m0.033s[0m
[0m[38;2;0;255;0;1m[  5%]:[0m [2maccess/default .................... [38;2;0;255;0;1mpassed[0m [1m0.033s[0m
[0m[38;2;0;255;0;1m[  8%]:[0m [2mchmod/default ..................... [38;2;0;255;0;1mpassed[0m [1m0.033s[0m
[0m[38;2;0;255;0;1m[ 11%]:[0m [2mchown/default ..................... [38;2;0;255;0;1mpassed[0m [1m0.032s[0m
[0m[38;2;0;255;0;1m[ 13%]:[0m [2mdir_tree/default .................. [38;2;0;255;0;1mpassed[0m [1m0.031s[0m
[0m[38;2;0;255;0;1m[ 16%]:[0m [2mdownload_file_dir/default ......... [38;2;0;255;0;1mpassed[0m [1m0.028s[0m
[0m[38;2;0;255;0;1m[ 19%]:[0m [2mdownload_fileat/default ........... [38;2;0;255;0;1mpassed[0m [1m0.027s[0m
[0m[38;2;0;255;0;1m[ 22%]:[0m [2mdownload_fileats/default .......... [38;2;0;255;0;1mpassed[0m [1m0.027s[0m
[0m[38;2;0;255;0;1m[ 25%]:[0m [2mdownload_link/default ............. [38;2;0;255;0;1mpassed[0m [1m0.028s[0m
[0m[38;2;0;255;0;1m[ 27%]:[0m [2mfchmodats/default ................. [38;2;0;255;0;1mpassed[0m [1m0.027s[0m
[0m[38;2;0;255;0;1m[ 30%]:[0m [2mdownload_file/default ............. [38;2;0;255;0;1mpassed[0m [1m0.038s[0m
[0m[38;2;0;255;0;1m[ 33%]:[0m [2mfchownats/default ................. [38;2;0;255;0;1mpassed[0m [1m0.029s[0m
[0m[38;2;0;255;0;1m[ 36%]:[0m [2mexecute_command/default ........... [38;2;0;255;0;1mpassed[0m [1m0.034s[0m
[0m[38;2;0;255;0;1m[ 38%]:[0m [2mlogger_test/default ............... [38;2;0;255;0;1mpassed[0m [1m0.026s[0m
[0m[38;2;0;255;0;1m[ 41%]:[0m [2mlstat/default ..................... [38;2;0;255;0;1mpassed[0m [1m0.025s[0m
[0m[38;2;0;255;0;1m[ 44%]:[0m [2mmetadata/default .................. [38;2;0;255;0;1mpassed[0m [1m0.026s[0m
[0m[38;2;0;255;0;1m[ 47%]:[0m [2mdir_utils_dir_copy_test/default ... [38;2;0;255;0;1mpassed[0m [1m0.052s[0m
[0m[38;2;0;255;0;1m[ 50%]:[0m [2mmkdir/default ..................... [38;2;0;255;0;1mpassed[0m [1m0.028s[0m
[0m[38;2;0;255;0;1m[ 52%]:[0m [2mlmdb_dict_test/default ............ [38;2;0;255;0;1mpassed[0m [1m0.041s[0m
[0m[38;2;0;255;0;1m[ 55%]:[0m [2mmkdirall/default .................. [38;2;0;255;0;1mpassed[0m [1m0.028s[0m
[0m[38;2;0;255;0;1m[ 58%]:[0m [2mpread/default ..................... [38;2;0;255;0;1mpassed[0m [1m0.026s[0m
[0m[38;2;0;255;0;1m[ 61%]:[0m [2mpwrite/default .................... [38;2;0;255;0;1mpassed[0m [1m0.024s[0m
[0m[38;2;0;255;0;1m[ 63%]:[0m [2mrdb_config_test/default ........... [38;2;0;255;0;1mpassed[0m [1m0.023s[0m
[0m[38;2;0;255;0;1m[ 66%]:[0m [2mmkdir_path_test/default ........... [38;2;0;255;0;1mpassed[0m [1m0.029s[0m
[0m[38;2;0;255;0;1m[ 69%]:[0m [2mreadlink/default .................. [38;2;0;255;0;1mpassed[0m [1m0.016s[0m
[0m[38;2;0;255;0;1m[ 72%]:[0m [2mreaddir/default ................... [38;2;0;255;0;1mpassed[0m [1m0.020s[0m
[0m[38;2;0;255;0;1m[ 75%]:[0m [2mlmdb_sort_test/default ............ [38;2;0;255;0;1mpassed[0m [1m0.040s[0m
[0m[38;2;0;255;0;1m[ 77%]:[0m [2msymlink/default ................... [38;2;0;255;0;1mpassed[0m [1m0.008s[0m
[0m[38;2;0;255;0;1m[ 80%]:[0m [2mreaddir_tree/default .............. [38;2;0;255;0;1mpassed[0m [1m0.018s[0m
[0m[38;2;0;255;0;1m[ 83%]:[0m [2mupload_fileats/default ............ [38;2;0;255;0;1mpassed[0m [1m0.008s[0m
[0m[38;2;0;255;0;1m[ 86%]:[0m [2mrpc_tool_integration/default ...... [38;2;0;255;0;1mpassed[0m [1m0.015s[0m
[0m[38;2;0;255;0;1m[ 88%]:[0m [2mrpc_handshake_test/default ........ [38;2;0;255;0;1mpassed[0m [1m0.047s[0m
[0m[38;2;0;255;0;1m[ 91%]:[0m [2mfs_meta_comprehensive_test/default  [38;2;0;255;0;1mpassed[0m [1m0.172s[0m
[0m[38;2;0;255;0;1m[ 94%]:[0m [2mtls_cert_test/default ............. [38;2;0;255;0;1mpassed[0m [1m0.476s[0m
[0m[38;2;0;255;0;1m[ 97%]:[0m [2mrpc_time_integration/default ...... [38;2;0;255;0;1mpassed[0m [1m0.572s[0m
[0m[38;2;0;255;0;1m[100%]:[0m [2mrdbcomm_tool_integration/default .. [38;2;0;255;0;1mpassed[0m [1m2.544s[0m
[0m
[38;2;0;255;0;1m100%[0m tests passed, [38;2;255;0;0;1m0[0m test(s) failed out of [1m36[0m, spent [1m2.592s[0m
